Compactness,WallArea,RoofArea,Height,Orientation,WindowArea,WindowDistribution,CoolingLoad
0.98,294,110.25,7,NorthFacing,0,None,26.2425
0.98,294,110.25,7,SouthFacing,0,None,20.2682
0.98,294,110.25,7,EastFacing,0,None,22.1888
0.98,294,110.25,7,WestFacing,0,None,24.2053
0.9,318.5,122.5,7,NorthFacing,0,None,28.4243
0.9,318.5,122.5,7,SouthFacing,0,None,27.7174
0.9,318.5,122.5,7,EastFacing,0,None,28.205
0.9,318.5,122.5,7,WestFacing,0,None,31.7925
0.86,294,147,7,NorthFacing,0,None,30.2729
0.86,294,147,7,SouthFacing,0,None,24.6628
0.86,294,147,7,EastFacing,0,None,29.0072
0.86,294,147,7,WestFacing,0,None,25.8867
0.82,318.5,147,7,NorthFacing,0,None,30.8127
0.82,318.5,147,7,SouthFacing,0,None,19.9445
0.82,318.5,147,7,EastFacing,0,None,29.665
0.82,318.5,147,7,WestFacing,0,None,28.328
0.79,343,147,7,NorthFacing,0,None,23.7782
0.79,343,147,7,SouthFacing,0,None,26.3119
0.79,343,147,7,EastFacing,0,None,30.2119
0.79,343,147,7,WestFacing,0,None,27.9684
0.76,416.5,122.5,7,NorthFacing,0,None,27.1709
0.76,416.5,122.5,7,SouthFacing,0,None,32.2053
0.76,416.5,122.5,7,EastFacing,0,None,33.4477
0.76,416.5,122.5,7,WestFacing,0,None,28.9779
0.74,245,220.5,3.5,NorthFacing,0,None,11.5344
0.74,245,220.5,3.5,SouthFacing,0,None,11.81
0.74,245,220.5,3.5,EastFacing,0,None,2.9431
0.74,245,220.5,3.5,WestFacing,0,None,5.5083
0.71,269.5,220.5,3.5,NorthFacing,0,None,12.7295
0.71,269.5,220.5,3.5,SouthFacing,0,None,9.406
0.71,269.5,220.5,3.5,EastFacing,0,None,10.4512
0.71,269.5,220.5,3.5,WestFacing,0,None,10.8412
0.69,294,220.5,3.5,NorthFacing,0,None,9.7808
0.69,294,220.5,3.5,SouthFacing,0,None,11.6912
0.69,294,220.5,3.5,EastFacing,0,None,6.7658
0.69,294,220.5,3.5,WestFacing,0,None,11.9349
0.66,318.5,220.5,3.5,NorthFacing,0,None,12.4132
0.66,318.5,220.5,3.5,SouthFacing,0,None,11.5259
0.66,318.5,220.5,3.5,EastFacing,0,None,17.0326
0.66,318.5,220.5,3.5,WestFacing,0,None,10.655
0.64,343,220.5,3.5,NorthFacing,0,None,5.3474
0.64,343,220.5,3.5,SouthFacing,0,None,17.3487
0.64,343,220.5,3.5,EastFacing,0,None,13.7763
0.64,343,220.5,3.5,WestFacing,0,None,10.3845
0.62,367.5,220.5,3.5,NorthFacing,0,None,9.4831
0.62,367.5,220.5,3.5,SouthFacing,0,None,9.6957
0.62,367.5,220.5,3.5,EastFacing,0,None,4.6663
0.62,367.5,220.5,3.5,WestFacing,0,None,13.1499
0.98,294,110.25,7,NorthFacing,0.1,UniformWindows,22.1374
0.98,294,110.25,7,SouthFacing,0.1,UniformWindows,27.7492
0.98,294,110.25,7,EastFacing,0.1,UniformWindows,26.2694
0.98,294,110.25,7,WestFacing,0.1,UniformWindows,22.4925
0.9,318.5,122.5,7,NorthFacing,0.1,UniformWindows,29.4726
0.9,318.5,122.5,7,SouthFacing,0.1,UniformWindows,29.6487
0.9,318.5,122.5,7,EastFacing,0.1,UniformWindows,27.4268
0.9,318.5,122.5,7,WestFacing,0.1,UniformWindows,26.087
0.86,294,147,7,NorthFacing,0.1,UniformWindows,32.5891
0.86,294,147,7,SouthFacing,0.1,UniformWindows,26.4337
0.86,294,147,7,EastFacing,0.1,UniformWindows,27.5532
0.86,294,147,7,WestFacing,0.1,UniformWindows,31.7445
0.82,318.5,147,7,NorthFacing,0.1,UniformWindows,33.386
0.82,318.5,147,7,SouthFacing,0.1,UniformWindows,38.5635
0.82,318.5,147,7,EastFacing,0.1,UniformWindows,32.4005
0.82,318.5,147,7,WestFacing,0.1,UniformWindows,30.6601
0.79,343,147,7,NorthFacing,0.1,UniformWindows,31.6081
0.79,343,147,7,SouthFacing,0.1,UniformWindows,39.1461
0.79,343,147,7,EastFacing,0.1,UniformWindows,34.8023
0.79,343,147,7,WestFacing,0.1,UniformWindows,38.4309
0.76,416.5,122.5,7,NorthFacing,0.1,UniformWindows,36.4355
0.76,416.5,122.5,7,SouthFacing,0.1,UniformWindows,38.254
0.76,416.5,122.5,7,EastFacing,0.1,UniformWindows,32.9842
0.76,416.5,122.5,7,WestFacing,0.1,UniformWindows,41.808
0.74,245,220.5,3.5,NorthFacing,0.1,UniformWindows,17.7747
0.74,245,220.5,3.5,SouthFacing,0.1,UniformWindows,12.1281
0.74,245,220.5,3.5,EastFacing,0.1,UniformWindows,14.7117
0.74,245,220.5,3.5,WestFacing,0.1,UniformWindows,11.324
0.71,269.5,220.5,3.5,NorthFacing,0.1,UniformWindows,13.0095
0.71,269.5,220.5,3.5,SouthFacing,0.1,UniformWindows,14.925
0.71,269.5,220.5,3.5,EastFacing,0.1,UniformWindows,9.1204
0.71,269.5,220.5,3.5,WestFacing,0.1,UniformWindows,16.3941
0.69,294,220.5,3.5,NorthFacing,0.1,UniformWindows,9.1492
0.69,294,220.5,3.5,SouthFacing,0.1,UniformWindows,14.4091
0.69,294,220.5,3.5,EastFacing,0.1,UniformWindows,15.2076
0.69,294,220.5,3.5,WestFacing,0.1,UniformWindows,12.6478
0.66,318.5,220.5,3.5,NorthFacing,0.1,UniformWindows,15.3607
0.66,318.5,220.5,3.5,SouthFacing,0.1,UniformWindows,19.4323
0.66,318.5,220.5,3.5,EastFacing,0.1,UniformWindows,16.2278
0.66,318.5,220.5,3.5,WestFacing,0.1,UniformWindows,12.3183
0.64,343,220.5,3.5,NorthFacing,0.1,UniformWindows,19.4469
0.64,343,220.5,3.5,SouthFacing,0.1,UniformWindows,16.1947
0.64,343,220.5,3.5,EastFacing,0.1,UniformWindows,21.5667
0.64,343,220.5,3.5,WestFacing,0.1,UniformWindows,12.974
0.62,367.5,220.5,3.5,NorthFacing,0.1,UniformWindows,14.5242
0.62,367.5,220.5,3.5,SouthFacing,0.1,UniformWindows,8.2705
0.62,367.5,220.5,3.5,EastFacing,0.1,UniformWindows,15.9029
0.62,367.5,220.5,3.5,WestFacing,0.1,UniformWindows,20.7706
0.98,294,110.25,7,NorthFacing,0.1,NorthWindows,32.1418
0.98,294,110.25,7,SouthFacing,0.1,NorthWindows,29.4584
0.98,294,110.25,7,EastFacing,0.1,NorthWindows,32.5048
0.98,294,110.25,7,WestFacing,0.1,NorthWindows,26.507
0.9,318.5,122.5,7,NorthFacing,0.1,NorthWindows,30.6571
0.9,318.5,122.5,7,SouthFacing,0.1,NorthWindows,28.8544
0.9,318.5,122.5,7,EastFacing,0.1,NorthWindows,25.5078
0.9,318.5,122.5,7,WestFacing,0.1,NorthWindows,33.4083
0.86,294,147,7,NorthFacing,0.1,NorthWindows,27.3243
0.86,294,147,7,SouthFacing,0.1,NorthWindows,30.1662
0.86,294,147,7,EastFacing,0.1,NorthWindows,25.5106
0.86,294,147,7,WestFacing,0.1,NorthWindows,32.4206
0.82,318.5,147,7,NorthFacing,0.1,NorthWindows,36.4895
0.82,318.5,147,7,SouthFacing,0.1,NorthWindows,31.0629
0.82,318.5,147,7,EastFacing,0.1,NorthWindows,26.1619
0.82,318.5,147,7,WestFacing,0.1,NorthWindows,34.0366
0.79,343,147,7,NorthFacing,0.1,NorthWindows,35.2547
0.79,343,147,7,SouthFacing,0.1,NorthWindows,34.2309
0.79,343,147,7,EastFacing,0.1,NorthWindows,28.6484
0.79,343,147,7,WestFacing,0.1,NorthWindows,29.4555
0.76,416.5,122.5,7,NorthFacing,0.1,NorthWindows,33.488
0.76,416.5,122.5,7,SouthFacing,0.1,NorthWindows,36.7252
0.76,416.5,122.5,7,EastFacing,0.1,NorthWindows,34.1469
0.76,416.5,122.5,7,WestFacing,0.1,NorthWindows,42.0653
0.74,245,220.5,3.5,NorthFacing,0.1,NorthWindows,14.6795
0.74,245,220.5,3.5,SouthFacing,0.1,NorthWindows,7.7947
0.74,245,220.5,3.5,EastFacing,0.1,NorthWindows,20.2391
0.74,245,220.5,3.5,WestFacing,0.1,NorthWindows,15.1168
0.71,269.5,220.5,3.5,NorthFacing,0.1,NorthWindows,13.6198
0.71,269.5,220.5,3.5,SouthFacing,0.1,NorthWindows,11.0546
0.71,269.5,220.5,3.5,EastFacing,0.1,NorthWindows,12.7753
0.71,269.5,220.5,3.5,WestFacing,0.1,NorthWindows,11.7258
0.69,294,220.5,3.5,NorthFacing,0.1,NorthWindows,14.9977
0.69,294,220.5,3.5,SouthFacing,0.1,NorthWindows,16.5135
0.69,294,220.5,3.5,EastFacing,0.1,NorthWindows,11.4516
0.69,294,220.5,3.5,WestFacing,0.1,NorthWindows,15.4167
0.66,318.5,220.5,3.5,NorthFacing,0.1,NorthWindows,18.5435
0.66,318.5,220.5,3.5,SouthFacing,0.1,NorthWindows,12.2335
0.66,318.5,220.5,3.5,EastFacing,0.1,NorthWindows,14.2311
0.66,318.5,220.5,3.5,WestFacing,0.1,NorthWindows,13.4405
0.64,343,220.5,3.5,NorthFacing,0.1,NorthWindows,10.3371
0.64,343,220.5,3.5,SouthFacing,0.1,NorthWindows,14.8307
0.64,343,220.5,3.5,EastFacing,0.1,NorthWindows,15.3652
0.64,343,220.5,3.5,WestFacing,0.1,NorthWindows,13.6832
0.62,367.5,220.5,3.5,NorthFacing,0.1,NorthWindows,16.0125
0.62,367.5,220.5,3.5,SouthFacing,0.1,NorthWindows,13.7046
0.62,367.5,220.5,3.5,EastFacing,0.1,NorthWindows,19.8429
0.62,367.5,220.5,3.5,WestFacing,0.1,NorthWindows,17.627
0.98,294,110.25,7,NorthFacing,0.1,SouthWindows,38.1516
0.98,294,110.25,7,SouthFacing,0.1,SouthWindows,27.7544
0.98,294,110.25,7,EastFacing,0.1,SouthWindows,28.3284
0.98,294,110.25,7,WestFacing,0.1,SouthWindows,26.7129
0.9,318.5,122.5,7,NorthFacing,0.1,SouthWindows,30.9799
0.9,318.5,122.5,7,SouthFacing,0.1,SouthWindows,30.4153
0.9,318.5,122.5,7,EastFacing,0.1,SouthWindows,37.4292
0.9,318.5,122.5,7,WestFacing,0.1,SouthWindows,27.932
0.86,294,147,7,NorthFacing,0.1,SouthWindows,28.4191
0.86,294,147,7,SouthFacing,0.1,SouthWindows,24.7101
0.86,294,147,7,EastFacing,0.1,SouthWindows,28.499
0.86,294,147,7,WestFacing,0.1,SouthWindows,32.8698
0.82,318.5,147,7,NorthFacing,0.1,SouthWindows,31.3596
0.82,318.5,147,7,SouthFacing,0.1,SouthWindows,37.6577
0.82,318.5,147,7,EastFacing,0.1,SouthWindows,26.6774
0.82,318.5,147,7,WestFacing,0.1,SouthWindows,24.2811
0.79,343,147,7,NorthFacing,0.1,SouthWindows,30.713
0.79,343,147,7,SouthFacing,0.1,SouthWindows,29.6569
0.79,343,147,7,EastFacing,0.1,SouthWindows,39.4229
0.79,343,147,7,WestFacing,0.1,SouthWindows,31.1582
0.76,416.5,122.5,7,NorthFacing,0.1,SouthWindows,36.8295
0.76,416.5,122.5,7,SouthFacing,0.1,SouthWindows,44.0041
0.76,416.5,122.5,7,EastFacing,0.1,SouthWindows,38.6729
0.76,416.5,122.5,7,WestFacing,0.1,SouthWindows,40.3098
0.74,245,220.5,3.5,NorthFacing,0.1,SouthWindows,8.0013
0.74,245,220.5,3.5,SouthFacing,0.1,SouthWindows,11.0546
0.74,245,220.5,3.5,EastFacing,0.1,SouthWindows,11.8314
0.74,245,220.5,3.5,WestFacing,0.1,SouthWindows,15.4633
0.71,269.5,220.5,3.5,NorthFacing,0.1,SouthWindows,14.5519
0.71,269.5,220.5,3.5,SouthFacing,0.1,SouthWindows,10.9579
0.71,269.5,220.5,3.5,EastFacing,0.1,SouthWindows,10.0556
0.71,269.5,220.5,3.5,WestFacing,0.1,SouthWindows,14.9871
0.69,294,220.5,3.5,NorthFacing,0.1,SouthWindows,11.6574
0.69,294,220.5,3.5,SouthFacing,0.1,SouthWindows,12.1824
0.69,294,220.5,3.5,EastFacing,0.1,SouthWindows,13.8702
0.69,294,220.5,3.5,WestFacing,0.1,SouthWindows,15.9928
0.66,318.5,220.5,3.5,NorthFacing,0.1,SouthWindows,13.2264
0.66,318.5,220.5,3.5,SouthFacing,0.1,SouthWindows,19.4863
0.66,318.5,220.5,3.5,EastFacing,0.1,SouthWindows,15.9809
0.66,318.5,220.5,3.5,WestFacing,0.1,SouthWindows,14.711
0.64,343,220.5,3.5,NorthFacing,0.1,SouthWindows,10.25
0.64,343,220.5,3.5,SouthFacing,0.1,SouthWindows,13.9355
0.64,343,220.5,3.5,EastFacing,0.1,SouthWindows,11.4543
0.64,343,220.5,3.5,WestFacing,0.1,SouthWindows,19.3963
0.62,367.5,220.5,3.5,NorthFacing,0.1,SouthWindows,13.9816
0.62,367.5,220.5,3.5,SouthFacing,0.1,SouthWindows,14.4323
0.62,367.5,220.5,3.5,EastFacing,0.1,SouthWindows,12.5643
0.62,367.5,220.5,3.5,WestFacing,0.1,SouthWindows,15.3548
0.98,294,110.25,7,NorthFacing,0.1,EastWindows,26.0036
0.98,294,110.25,7,SouthFacing,0.1,EastWindows,31.2695
0.98,294,110.25,7,EastFacing,0.1,EastWindows,33.6853
0.98,294,110.25,7,WestFacing,0.1,EastWindows,29.8116
0.9,318.5,122.5,7,NorthFacing,0.1,EastWindows,35.0532
0.9,318.5,122.5,7,SouthFacing,0.1,EastWindows,36.3003
0.9,318.5,122.5,7,EastFacing,0.1,EastWindows,29.6615
0.9,318.5,122.5,7,WestFacing,0.1,EastWindows,30.0934
0.86,294,147,7,NorthFacing,0.1,EastWindows,28.6554
0.86,294,147,7,SouthFacing,0.1,EastWindows,30.215
0.86,294,147,7,EastFacing,0.1,EastWindows,27.1418
0.86,294,147,7,WestFacing,0.1,EastWindows,33.8254
0.82,318.5,147,7,NorthFacing,0.1,EastWindows,29.7408
0.82,318.5,147,7,SouthFacing,0.1,EastWindows,28.265
0.82,318.5,147,7,EastFacing,0.1,EastWindows,29.5274
0.82,318.5,147,7,WestFacing,0.1,EastWindows,31.2775
0.79,343,147,7,NorthFacing,0.1,EastWindows,32.1051
0.79,343,147,7,SouthFacing,0.1,EastWindows,33.2124
0.79,343,147,7,EastFacing,0.1,EastWindows,30.895
0.79,343,147,7,WestFacing,0.1,EastWindows,33.818
0.76,416.5,122.5,7,NorthFacing,0.1,EastWindows,32.1418
0.76,416.5,122.5,7,SouthFacing,0.1,EastWindows,33.6686
0.76,416.5,122.5,7,EastFacing,0.1,EastWindows,33.2359
0.76,416.5,122.5,7,WestFacing,0.1,EastWindows,29.6731
0.74,245,220.5,3.5,NorthFacing,0.1,EastWindows,8.8193
0.74,245,220.5,3.5,SouthFacing,0.1,EastWindows,15.0225
0.74,245,220.5,3.5,EastFacing,0.1,EastWindows,14.939
0.74,245,220.5,3.5,WestFacing,0.1,EastWindows,11.0344
0.71,269.5,220.5,3.5,NorthFacing,0.1,EastWindows,12.8426
0.71,269.5,220.5,3.5,SouthFacing,0.1,EastWindows,18.1964
0.71,269.5,220.5,3.5,EastFacing,0.1,EastWindows,13.6713
0.71,269.5,220.5,3.5,WestFacing,0.1,EastWindows,17.8988
0.69,294,220.5,3.5,NorthFacing,0.1,EastWindows,16.0311
0.69,294,220.5,3.5,SouthFacing,0.1,EastWindows,10.4866
0.69,294,220.5,3.5,EastFacing,0.1,EastWindows,14.0065
0.69,294,220.5,3.5,WestFacing,0.1,EastWindows,14.695
0.66,318.5,220.5,3.5,NorthFacing,0.1,EastWindows,12.9262
0.66,318.5,220.5,3.5,SouthFacing,0.1,EastWindows,18.583
0.66,318.5,220.5,3.5,EastFacing,0.1,EastWindows,19.0903
0.66,318.5,220.5,3.5,WestFacing,0.1,EastWindows,15.7647
0.64,343,220.5,3.5,NorthFacing,0.1,EastWindows,21.3854
0.64,343,220.5,3.5,SouthFacing,0.1,EastWindows,11.3816
0.64,343,220.5,3.5,EastFacing,0.1,EastWindows,10.2909
0.64,343,220.5,3.5,WestFacing,0.1,EastWindows,15.3891
0.62,367.5,220.5,3.5,NorthFacing,0.1,EastWindows,12.9803
0.62,367.5,220.5,3.5,SouthFacing,0.1,EastWindows,9.0894
0.62,367.5,220.5,3.5,EastFacing,0.1,EastWindows,19.0882
0.62,367.5,220.5,3.5,WestFacing,0.1,EastWindows,19.6539
0.98,294,110.25,7,NorthFacing,0.1,WestWindows,26.5204
0.98,294,110.25,7,SouthFacing,0.1,WestWindows,25.6839
0.98,294,110.25,7,EastFacing,0.1,WestWindows,25.1509
0.98,294,110.25,7,WestFacing,0.1,WestWindows,25.3109
0.9,318.5,122.5,7,NorthFacing,0.1,WestWindows,30.198
0.9,318.5,122.5,7,SouthFacing,0.1,WestWindows,31.913
0.9,318.5,122.5,7,EastFacing,0.1,WestWindows,35.2676
0.9,318.5,122.5,7,WestFacing,0.1,WestWindows,29.5126
0.86,294,147,7,NorthFacing,0.1,WestWindows,28.2678
0.86,294,147,7,SouthFacing,0.1,WestWindows,26.6389
0.86,294,147,7,EastFacing,0.1,WestWindows,30.8256
0.86,294,147,7,WestFacing,0.1,WestWindows,28.2514
0.82,318.5,147,7,NorthFacing,0.1,WestWindows,33.2676
0.82,318.5,147,7,SouthFacing,0.1,WestWindows,30.4727
0.82,318.5,147,7,EastFacing,0.1,WestWindows,37.2627
0.82,318.5,147,7,WestFacing,0.1,WestWindows,25.8428
0.79,343,147,7,NorthFacing,0.1,WestWindows,31.2502
0.79,343,147,7,SouthFacing,0.1,WestWindows,29.5262
0.79,343,147,7,EastFacing,0.1,WestWindows,34.4632
0.79,343,147,7,WestFacing,0.1,WestWindows,29.4368
0.76,416.5,122.5,7,NorthFacing,0.1,WestWindows,33.5094
0.76,416.5,122.5,7,SouthFacing,0.1,WestWindows,34.8172
0.76,416.5,122.5,7,EastFacing,0.1,WestWindows,31.536
0.76,416.5,122.5,7,WestFacing,0.1,WestWindows,38.598
0.74,245,220.5,3.5,NorthFacing,0.1,WestWindows,11.3046
0.74,245,220.5,3.5,SouthFacing,0.1,WestWindows,11.23
0.74,245,220.5,3.5,EastFacing,0.1,WestWindows,9.9977
0.74,245,220.5,3.5,WestFacing,0.1,WestWindows,16.0625
0.71,269.5,220.5,3.5,NorthFacing,0.1,WestWindows,11.9217
0.71,269.5,220.5,3.5,SouthFacing,0.1,WestWindows,11.2977
0.71,269.5,220.5,3.5,EastFacing,0.1,WestWindows,18.0002
0.71,269.5,220.5,3.5,WestFacing,0.1,WestWindows,18.2741
0.69,294,220.5,3.5,NorthFacing,0.1,WestWindows,8.7298
0.69,294,220.5,3.5,SouthFacing,0.1,WestWindows,10.6655
0.69,294,220.5,3.5,EastFacing,0.1,WestWindows,9.8054
0.69,294,220.5,3.5,WestFacing,0.1,WestWindows,10.8869
0.66,318.5,220.5,3.5,NorthFacing,0.1,WestWindows,14.3438
0.66,318.5,220.5,3.5,SouthFacing,0.1,WestWindows,16.6904
0.66,318.5,220.5,3.5,EastFacing,0.1,WestWindows,6.917
0.66,318.5,220.5,3.5,WestFacing,0.1,WestWindows,14.1999
0.64,343,220.5,3.5,NorthFacing,0.1,WestWindows,17.0413
0.64,343,220.5,3.5,SouthFacing,0.1,WestWindows,15.7057
0.64,343,220.5,3.5,EastFacing,0.1,WestWindows,14.5034
0.64,343,220.5,3.5,WestFacing,0.1,WestWindows,16.2471
0.62,367.5,220.5,3.5,NorthFacing,0.1,WestWindows,13.1266
0.62,367.5,220.5,3.5,SouthFacing,0.1,WestWindows,9.9808
0.62,367.5,220.5,3.5,EastFacing,0.1,WestWindows,19.8437
0.62,367.5,220.5,3.5,WestFacing,0.1,WestWindows,18.8328
0.98,294,110.25,7,NorthFacing,0.25,UniformWindows,32.0179
0.98,294,110.25,7,SouthFacing,0.25,UniformWindows,27.5531
0.98,294,110.25,7,EastFacing,0.25,UniformWindows,33.7328
0.98,294,110.25,7,WestFacing,0.25,UniformWindows,28.2641
0.9,318.5,122.5,7,NorthFacing,0.25,UniformWindows,27.5651
0.9,318.5,122.5,7,SouthFacing,0.25,UniformWindows,32.9245
0.9,318.5,122.5,7,EastFacing,0.25,UniformWindows,35.1215
0.9,318.5,122.5,7,WestFacing,0.25,UniformWindows,34.703
0.86,294,147,7,NorthFacing,0.25,UniformWindows,32.1399
0.86,294,147,7,SouthFacing,0.25,UniformWindows,30.4232
0.86,294,147,7,EastFacing,0.25,UniformWindows,26.8847
0.86,294,147,7,WestFacing,0.25,UniformWindows,34.4775
0.82,318.5,147,7,NorthFacing,0.25,UniformWindows,34.6415
0.82,318.5,147,7,SouthFacing,0.25,UniformWindows,39.3618
0.82,318.5,147,7,EastFacing,0.25,UniformWindows,37.079
0.82,318.5,147,7,WestFacing,0.25,UniformWindows,34.9075
0.79,343,147,7,NorthFacing,0.25,UniformWindows,35.5555
0.79,343,147,7,SouthFacing,0.25,UniformWindows,34.5291
0.79,343,147,7,EastFacing,0.25,UniformWindows,33.9619
0.79,343,147,7,WestFacing,0.25,UniformWindows,32.6399
0.76,416.5,122.5,7,NorthFacing,0.25,UniformWindows,32.506
0.76,416.5,122.5,7,SouthFacing,0.25,UniformWindows,40.1691
0.76,416.5,122.5,7,EastFacing,0.25,UniformWindows,41.1211
0.76,416.5,122.5,7,WestFacing,0.25,UniformWindows,40.075
0.74,245,220.5,3.5,NorthFacing,0.25,UniformWindows,14.2232
0.74,245,220.5,3.5,SouthFacing,0.25,UniformWindows,11.7745
0.74,245,220.5,3.5,EastFacing,0.25,UniformWindows,9.6587
0.74,245,220.5,3.5,WestFacing,0.25,UniformWindows,19.2033
0.71,269.5,220.5,3.5,NorthFacing,0.25,UniformWindows,15.3201
0.71,269.5,220.5,3.5,SouthFacing,0.25,UniformWindows,18.9629
0.71,269.5,220.5,3.5,EastFacing,0.25,UniformWindows,11.2489
0.71,269.5,220.5,3.5,WestFacing,0.25,UniformWindows,15.5247
0.69,294,220.5,3.5,NorthFacing,0.25,UniformWindows,19.5529
0.69,294,220.5,3.5,SouthFacing,0.25,UniformWindows,8.6246
0.69,294,220.5,3.5,EastFacing,0.25,UniformWindows,14.4616
0.69,294,220.5,3.5,WestFacing,0.25,UniformWindows,12.3198
0.66,318.5,220.5,3.5,NorthFacing,0.25,UniformWindows,19.7999
0.66,318.5,220.5,3.5,SouthFacing,0.25,UniformWindows,18.1876
0.66,318.5,220.5,3.5,EastFacing,0.25,UniformWindows,20.2675
0.66,318.5,220.5,3.5,WestFacing,0.25,UniformWindows,16.2014
0.64,343,220.5,3.5,NorthFacing,0.25,UniformWindows,14.8086
0.64,343,220.5,3.5,SouthFacing,0.25,UniformWindows,19.2156
0.64,343,220.5,3.5,EastFacing,0.25,UniformWindows,9.0863
0.64,343,220.5,3.5,WestFacing,0.25,UniformWindows,19.4878
0.62,367.5,220.5,3.5,NorthFacing,0.25,UniformWindows,20.7414
0.62,367.5,220.5,3.5,SouthFacing,0.25,UniformWindows,19.9116
0.62,367.5,220.5,3.5,EastFacing,0.25,UniformWindows,17.169
0.62,367.5,220.5,3.5,WestFacing,0.25,UniformWindows,19.0967
0.98,294,110.25,7,NorthFacing,0.25,NorthWindows,27.1689
0.98,294,110.25,7,SouthFacing,0.25,NorthWindows,29.8661
0.98,294,110.25,7,EastFacing,0.25,NorthWindows,26.7029
0.98,294,110.25,7,WestFacing,0.25,NorthWindows,31.4824
0.9,318.5,122.5,7,NorthFacing,0.25,NorthWindows,27.5321
0.9,318.5,122.5,7,SouthFacing,0.25,NorthWindows,30.9485
0.9,318.5,122.5,7,EastFacing,0.25,NorthWindows,28.2112
0.9,318.5,122.5,7,WestFacing,0.25,NorthWindows,32.7949
0.86,294,147,7,NorthFacing,0.25,NorthWindows,28.1951
0.86,294,147,7,SouthFacing,0.25,NorthWindows,33.0814
0.86,294,147,7,EastFacing,0.25,NorthWindows,34.5823
0.86,294,147,7,WestFacing,0.25,NorthWindows,36.5888
0.82,318.5,147,7,NorthFacing,0.25,NorthWindows,31.4393
0.82,318.5,147,7,SouthFacing,0.25,NorthWindows,37.7513
0.82,318.5,147,7,EastFacing,0.25,NorthWindows,33.0784
0.82,318.5,147,7,WestFacing,0.25,NorthWindows,36.6161
0.79,343,147,7,NorthFacing,0.25,NorthWindows,31.9834
0.79,343,147,7,SouthFacing,0.25,NorthWindows,41.7412
0.79,343,147,7,EastFacing,0.25,NorthWindows,36.5453
0.79,343,147,7,WestFacing,0.25,NorthWindows,36.8909
0.76,416.5,122.5,7,NorthFacing,0.25,NorthWindows,40.3206
0.76,416.5,122.5,7,SouthFacing,0.25,NorthWindows,35.292
0.76,416.5,122.5,7,EastFacing,0.25,NorthWindows,29.8868
0.76,416.5,122.5,7,WestFacing,0.25,NorthWindows,45.0462
0.74,245,220.5,3.5,NorthFacing,0.25,NorthWindows,12.6649
0.74,245,220.5,3.5,SouthFacing,0.25,NorthWindows,11.3045
0.74,245,220.5,3.5,EastFacing,0.25,NorthWindows,12.5741
0.74,245,220.5,3.5,WestFacing,0.25,NorthWindows,15.6417
0.71,269.5,220.5,3.5,NorthFacing,0.25,NorthWindows,16.9197
0.71,269.5,220.5,3.5,SouthFacing,0.25,NorthWindows,14.3715
0.71,269.5,220.5,3.5,EastFacing,0.25,NorthWindows,22.4437
0.71,269.5,220.5,3.5,WestFacing,0.25,NorthWindows,17.3308
0.69,294,220.5,3.5,NorthFacing,0.25,NorthWindows,20.0618
0.69,294,220.5,3.5,SouthFacing,0.25,NorthWindows,18.4982
0.69,294,220.5,3.5,EastFacing,0.25,NorthWindows,14.8399
0.69,294,220.5,3.5,WestFacing,0.25,NorthWindows,10.1093
0.66,318.5,220.5,3.5,NorthFacing,0.25,NorthWindows,20.9812
0.66,318.5,220.5,3.5,SouthFacing,0.25,NorthWindows,20.3289
0.66,318.5,220.5,3.5,EastFacing,0.25,NorthWindows,15.3777
0.66,318.5,220.5,3.5,WestFacing,0.25,NorthWindows,13.4064
0.64,343,220.5,3.5,NorthFacing,0.25,NorthWindows,17.9963
0.64,343,220.5,3.5,SouthFacing,0.25,NorthWindows,16.33
0.64,343,220.5,3.5,EastFacing,0.25,NorthWindows,21.3118
0.64,343,220.5,3.5,WestFacing,0.25,NorthWindows,18.0399
0.62,367.5,220.5,3.5,NorthFacing,0.25,NorthWindows,20.1301
0.62,367.5,220.5,3.5,SouthFacing,0.25,NorthWindows,19.2128
0.62,367.5,220.5,3.5,EastFacing,0.25,NorthWindows,17.1298
0.62,367.5,220.5,3.5,WestFacing,0.25,NorthWindows,20.3889
0.98,294,110.25,7,NorthFacing,0.25,SouthWindows,32.0655
0.98,294,110.25,7,SouthFacing,0.25,SouthWindows,31.6904
0.98,294,110.25,7,EastFacing,0.25,SouthWindows,24.4191
0.98,294,110.25,7,WestFacing,0.25,SouthWindows,33.1538
0.9,318.5,122.5,7,NorthFacing,0.25,SouthWindows,30.7896
0.9,318.5,122.5,7,SouthFacing,0.25,SouthWindows,32.8735
0.9,318.5,122.5,7,EastFacing,0.25,SouthWindows,33.2514
0.9,318.5,122.5,7,WestFacing,0.25,SouthWindows,36.2574
0.86,294,147,7,NorthFacing,0.25,SouthWindows,29.0567
0.86,294,147,7,SouthFacing,0.25,SouthWindows,30.4123
0.86,294,147,7,EastFacing,0.25,SouthWindows,29.6277
0.86,294,147,7,WestFacing,0.25,SouthWindows,30.0742
0.82,318.5,147,7,NorthFacing,0.25,SouthWindows,35.181
0.82,318.5,147,7,SouthFacing,0.25,SouthWindows,36.4101
0.82,318.5,147,7,EastFacing,0.25,SouthWindows,32.5899
0.82,318.5,147,7,WestFacing,0.25,SouthWindows,31.7835
0.79,343,147,7,NorthFacing,0.25,SouthWindows,37.9143
0.79,343,147,7,SouthFacing,0.25,SouthWindows,30.6218
0.79,343,147,7,EastFacing,0.25,SouthWindows,35.4197
0.79,343,147,7,WestFacing,0.25,SouthWindows,36.5171
0.76,416.5,122.5,7,NorthFacing,0.25,SouthWindows,38.52
0.76,416.5,122.5,7,SouthFacing,0.25,SouthWindows,37.2981
0.76,416.5,122.5,7,EastFacing,0.25,SouthWindows,36.7857
0.76,416.5,122.5,7,WestFacing,0.25,SouthWindows,42.0415
0.74,245,220.5,3.5,NorthFacing,0.25,SouthWindows,16.0322
0.74,245,220.5,3.5,SouthFacing,0.25,SouthWindows,10.7842
0.74,245,220.5,3.5,EastFacing,0.25,SouthWindows,14.2019
0.74,245,220.5,3.5,WestFacing,0.25,SouthWindows,14.1041
0.71,269.5,220.5,3.5,NorthFacing,0.25,SouthWindows,15.6301
0.71,269.5,220.5,3.5,SouthFacing,0.25,SouthWindows,16.431
0.71,269.5,220.5,3.5,EastFacing,0.25,SouthWindows,15.1543
0.71,269.5,220.5,3.5,WestFacing,0.25,SouthWindows,16.703
0.69,294,220.5,3.5,NorthFacing,0.25,SouthWindows,15.8167
0.69,294,220.5,3.5,SouthFacing,0.25,SouthWindows,17.6317
0.69,294,220.5,3.5,EastFacing,0.25,SouthWindows,10.2002
0.69,294,220.5,3.5,WestFacing,0.25,SouthWindows,14.9413
0.66,318.5,220.5,3.5,NorthFacing,0.25,SouthWindows,15.1251
0.66,318.5,220.5,3.5,SouthFacing,0.25,SouthWindows,18.9852
0.66,318.5,220.5,3.5,EastFacing,0.25,SouthWindows,17.3637
0.66,318.5,220.5,3.5,WestFacing,0.25,SouthWindows,17.6077
0.64,343,220.5,3.5,NorthFacing,0.25,SouthWindows,15.1291
0.64,343,220.5,3.5,SouthFacing,0.25,SouthWindows,18.1837
0.64,343,220.5,3.5,EastFacing,0.25,SouthWindows,18.4212
0.64,343,220.5,3.5,WestFacing,0.25,SouthWindows,18.3885
0.62,367.5,220.5,3.5,NorthFacing,0.25,SouthWindows,14.7631
0.62,367.5,220.5,3.5,SouthFacing,0.25,SouthWindows,18.5302
0.62,367.5,220.5,3.5,EastFacing,0.25,SouthWindows,20.4745
0.62,367.5,220.5,3.5,WestFacing,0.25,SouthWindows,16.3875
0.98,294,110.25,7,NorthFacing,0.25,EastWindows,28.5948
0.98,294,110.25,7,SouthFacing,0.25,EastWindows,28.5299
0.98,294,110.25,7,EastFacing,0.25,EastWindows,31.7408
0.98,294,110.25,7,WestFacing,0.25,EastWindows,26.4333
0.9,318.5,122.5,7,NorthFacing,0.25,EastWindows,32.3052
0.9,318.5,122.5,7,SouthFacing,0.25,EastWindows,38.0339
0.9,318.5,122.5,7,EastFacing,0.25,EastWindows,36.1722
0.9,318.5,122.5,7,WestFacing,0.25,EastWindows,35.1733
0.86,294,147,7,NorthFacing,0.25,EastWindows,35.9939
0.86,294,147,7,SouthFacing,0.25,EastWindows,27.4272
0.86,294,147,7,EastFacing,0.25,EastWindows,33.9654
0.86,294,147,7,WestFacing,0.25,EastWindows,30.4281
0.82,318.5,147,7,NorthFacing,0.25,EastWindows,35.2973
0.82,318.5,147,7,SouthFacing,0.25,EastWindows,30.7872
0.82,318.5,147,7,EastFacing,0.25,EastWindows,37.4433
0.82,318.5,147,7,WestFacing,0.25,EastWindows,34.3315
0.79,343,147,7,NorthFacing,0.25,EastWindows,37.8999
0.79,343,147,7,SouthFacing,0.25,EastWindows,33.3504
0.79,343,147,7,EastFacing,0.25,EastWindows,37.2806
0.79,343,147,7,WestFacing,0.25,EastWindows,30.6845
0.76,416.5,122.5,7,NorthFacing,0.25,EastWindows,37.9803
0.76,416.5,122.5,7,SouthFacing,0.25,EastWindows,35.7946
0.76,416.5,122.5,7,EastFacing,0.25,EastWindows,35.3529
0.76,416.5,122.5,7,WestFacing,0.25,EastWindows,34.5388
0.74,245,220.5,3.5,NorthFacing,0.25,EastWindows,17.0242
0.74,245,220.5,3.5,SouthFacing,0.25,EastWindows,14.1115
0.74,245,220.5,3.5,EastFacing,0.25,EastWindows,4.5764
0.74,245,220.5,3.5,WestFacing,0.25,EastWindows,13.2747
0.71,269.5,220.5,3.5,NorthFacing,0.25,EastWindows,15.2712
0.71,269.5,220.5,3.5,SouthFacing,0.25,EastWindows,21.2653
0.71,269.5,220.5,3.5,EastFacing,0.25,EastWindows,16.5839
0.71,269.5,220.5,3.5,WestFacing,0.25,EastWindows,15.7226
0.69,294,220.5,3.5,NorthFacing,0.25,EastWindows,16.9291
0.69,294,220.5,3.5,SouthFacing,0.25,EastWindows,19.9321
0.69,294,220.5,3.5,EastFacing,0.25,EastWindows,16.4387
0.69,294,220.5,3.5,WestFacing,0.25,EastWindows,18.0099
0.66,318.5,220.5,3.5,NorthFacing,0.25,EastWindows,15.1982
0.66,318.5,220.5,3.5,SouthFacing,0.25,EastWindows,20.034
0.66,318.5,220.5,3.5,EastFacing,0.25,EastWindows,19.9083
0.66,318.5,220.5,3.5,WestFacing,0.25,EastWindows,17.7377
0.64,343,220.5,3.5,NorthFacing,0.25,EastWindows,18.8456
0.64,343,220.5,3.5,SouthFacing,0.25,EastWindows,15.2748
0.64,343,220.5,3.5,EastFacing,0.25,EastWindows,13.2842
0.64,343,220.5,3.5,WestFacing,0.25,EastWindows,15.8494
0.62,367.5,220.5,3.5,NorthFacing,0.25,EastWindows,22.3893
0.62,367.5,220.5,3.5,SouthFacing,0.25,EastWindows,16.9807
0.62,367.5,220.5,3.5,EastFacing,0.25,EastWindows,13.858
0.62,367.5,220.5,3.5,WestFacing,0.25,EastWindows,10.5214
0.98,294,110.25,7,NorthFacing,0.25,WestWindows,29.7804
0.98,294,110.25,7,SouthFacing,0.25,WestWindows,31.0699
0.98,294,110.25,7,EastFacing,0.25,WestWindows,26.6489
0.98,294,110.25,7,WestFacing,0.25,WestWindows,32.4048
0.9,318.5,122.5,7,NorthFacing,0.25,WestWindows,37.5102
0.9,318.5,122.5,7,SouthFacing,0.25,WestWindows,29.738
0.9,318.5,122.5,7,EastFacing,0.25,WestWindows,34.153
0.9,318.5,122.5,7,WestFacing,0.25,WestWindows,27.4532
0.86,294,147,7,NorthFacing,0.25,WestWindows,32.7046
0.86,294,147,7,SouthFacing,0.25,WestWindows,29.8188
0.86,294,147,7,EastFacing,0.25,WestWindows,27.4592
0.86,294,147,7,WestFacing,0.25,WestWindows,33.9858
0.82,318.5,147,7,NorthFacing,0.25,WestWindows,38.1926
0.82,318.5,147,7,SouthFacing,0.25,WestWindows,34.4217
0.82,318.5,147,7,EastFacing,0.25,WestWindows,27.7615
0.82,318.5,147,7,WestFacing,0.25,WestWindows,34.1515
0.79,343,147,7,NorthFacing,0.25,WestWindows,39.2575
0.79,343,147,7,SouthFacing,0.25,WestWindows,36.4266
0.79,343,147,7,EastFacing,0.25,WestWindows,34.8991
0.79,343,147,7,WestFacing,0.25,WestWindows,34.9677
0.76,416.5,122.5,7,NorthFacing,0.25,WestWindows,38.6447
0.76,416.5,122.5,7,SouthFacing,0.25,WestWindows,34.2553
0.76,416.5,122.5,7,EastFacing,0.25,WestWindows,39.8617
0.76,416.5,122.5,7,WestFacing,0.25,WestWindows,38.0137
0.74,245,220.5,3.5,NorthFacing,0.25,WestWindows,12.6259
0.74,245,220.5,3.5,SouthFacing,0.25,WestWindows,12.3287
0.74,245,220.5,3.5,EastFacing,0.25,WestWindows,17.6309
0.74,245,220.5,3.5,WestFacing,0.25,WestWindows,12.6601
0.71,269.5,220.5,3.5,NorthFacing,0.25,WestWindows,16.302
0.71,269.5,220.5,3.5,SouthFacing,0.25,WestWindows,15.1362
0.71,269.5,220.5,3.5,EastFacing,0.25,WestWindows,17.0553
0.71,269.5,220.5,3.5,WestFacing,0.25,WestWindows,12.1529
0.69,294,220.5,3.5,NorthFacing,0.25,WestWindows,11.3876
0.69,294,220.5,3.5,SouthFacing,0.25,WestWindows,9.7146
0.69,294,220.5,3.5,EastFacing,0.25,WestWindows,18.4952
0.69,294,220.5,3.5,WestFacing,0.25,WestWindows,10.0646
0.66,318.5,220.5,3.5,NorthFacing,0.25,WestWindows,13.1155
0.66,318.5,220.5,3.5,SouthFacing,0.25,WestWindows,15.2571
0.66,318.5,220.5,3.5,EastFacing,0.25,WestWindows,15.5903
0.66,318.5,220.5,3.5,WestFacing,0.25,WestWindows,14.0275
0.64,343,220.5,3.5,NorthFacing,0.25,WestWindows,12.5797
0.64,343,220.5,3.5,SouthFacing,0.25,WestWindows,23.1264
0.64,343,220.5,3.5,EastFacing,0.25,WestWindows,16.4629
0.64,343,220.5,3.5,WestFacing,0.25,WestWindows,17.4507
0.62,367.5,220.5,3.5,NorthFacing,0.25,WestWindows,16.8113
0.62,367.5,220.5,3.5,SouthFacing,0.25,WestWindows,15.6232
0.62,367.5,220.5,3.5,EastFacing,0.25,WestWindows,16.2682
0.62,367.5,220.5,3.5,WestFacing,0.25,WestWindows,21.2942
0.98,294,110.25,7,NorthFacing,0.4,UniformWindows,37.331
0.98,294,110.25,7,SouthFacing,0.4,UniformWindows,34.9492
0.98,294,110.25,7,EastFacing,0.4,UniformWindows,27.4063
0.98,294,110.25,7,WestFacing,0.4,UniformWindows,35.7192
0.9,318.5,122.5,7,NorthFacing,0.4,UniformWindows,37.001
0.9,318.5,122.5,7,SouthFacing,0.4,UniformWindows,34.1671
0.9,318.5,122.5,7,EastFacing,0.4,UniformWindows,36.8364
0.9,318.5,122.5,7,WestFacing,0.4,UniformWindows,34.6829
0.86,294,147,7,NorthFacing,0.4,UniformWindows,28.9035
0.86,294,147,7,SouthFacing,0.4,UniformWindows,35.9905
0.86,294,147,7,EastFacing,0.4,UniformWindows,28.8126
0.86,294,147,7,WestFacing,0.4,UniformWindows,36.0346
0.82,318.5,147,7,NorthFacing,0.4,UniformWindows,36.5259
0.82,318.5,147,7,SouthFacing,0.4,UniformWindows,39.2371
0.82,318.5,147,7,EastFacing,0.4,UniformWindows,39.454
0.82,318.5,147,7,WestFacing,0.4,UniformWindows,40.7891
0.79,343,147,7,NorthFacing,0.4,UniformWindows,34.9562
0.79,343,147,7,SouthFacing,0.4,UniformWindows,36.0549
0.79,343,147,7,EastFacing,0.4,UniformWindows,41.095
0.79,343,147,7,WestFacing,0.4,UniformWindows,32.8595
0.76,416.5,122.5,7,NorthFacing,0.4,UniformWindows,38.8651
0.76,416.5,122.5,7,SouthFacing,0.4,UniformWindows,40.8999
0.76,416.5,122.5,7,EastFacing,0.4,UniformWindows,44.2135
0.76,416.5,122.5,7,WestFacing,0.4,UniformWindows,41.4206
0.74,245,220.5,3.5,NorthFacing,0.4,UniformWindows,16.9735
0.74,245,220.5,3.5,SouthFacing,0.4,UniformWindows,17.1571
0.74,245,220.5,3.5,EastFacing,0.4,UniformWindows,17.2369
0.74,245,220.5,3.5,WestFacing,0.4,UniformWindows,17.3258
0.71,269.5,220.5,3.5,NorthFacing,0.4,UniformWindows,19.0236
0.71,269.5,220.5,3.5,SouthFacing,0.4,UniformWindows,18.3967
0.71,269.5,220.5,3.5,EastFacing,0.4,UniformWindows,16.7821
0.71,269.5,220.5,3.5,WestFacing,0.4,UniformWindows,23.0173
0.69,294,220.5,3.5,NorthFacing,0.4,UniformWindows,15.3549
0.69,294,220.5,3.5,SouthFacing,0.4,UniformWindows,19.3408
0.69,294,220.5,3.5,EastFacing,0.4,UniformWindows,18.3778
0.69,294,220.5,3.5,WestFacing,0.4,UniformWindows,19.5579
0.66,318.5,220.5,3.5,NorthFacing,0.4,UniformWindows,18.9647
0.66,318.5,220.5,3.5,SouthFacing,0.4,UniformWindows,14.3678
0.66,318.5,220.5,3.5,EastFacing,0.4,UniformWindows,17.6618
0.66,318.5,220.5,3.5,WestFacing,0.4,UniformWindows,20.1672
0.64,343,220.5,3.5,NorthFacing,0.4,UniformWindows,20.2563
0.64,343,220.5,3.5,SouthFacing,0.4,UniformWindows,20.5397
0.64,343,220.5,3.5,EastFacing,0.4,UniformWindows,20.3662
0.64,343,220.5,3.5,WestFacing,0.4,UniformWindows,22.844
0.62,367.5,220.5,3.5,NorthFacing,0.4,UniformWindows,27.9262
0.62,367.5,220.5,3.5,SouthFacing,0.4,UniformWindows,17.9017
0.62,367.5,220.5,3.5,EastFacing,0.4,UniformWindows,21.041
0.62,367.5,220.5,3.5,WestFacing,0.4,UniformWindows,21.5979
0.98,294,110.25,7,NorthFacing,0.4,NorthWindows,28.5287
0.98,294,110.25,7,SouthFacing,0.4,NorthWindows,35.929
0.98,294,110.25,7,EastFacing,0.4,NorthWindows,29.5521
0.98,294,110.25,7,WestFacing,0.4,NorthWindows,27.1603
0.9,318.5,122.5,7,NorthFacing,0.4,NorthWindows,33.0446
0.9,318.5,122.5,7,SouthFacing,0.4,NorthWindows,34.023
0.9,318.5,122.5,7,EastFacing,0.4,NorthWindows,35.7314
0.9,318.5,122.5,7,WestFacing,0.4,NorthWindows,38.6139
0.86,294,147,7,NorthFacing,0.4,NorthWindows,36.9728
0.86,294,147,7,SouthFacing,0.4,NorthWindows,35.8017
0.86,294,147,7,EastFacing,0.4,NorthWindows,38.2285
0.86,294,147,7,WestFacing,0.4,NorthWindows,42.1853
0.82,318.5,147,7,NorthFacing,0.4,NorthWindows,34.8795
0.82,318.5,147,7,SouthFacing,0.4,NorthWindows,34.0416
0.82,318.5,147,7,EastFacing,0.4,NorthWindows,34.529
0.82,318.5,147,7,WestFacing,0.4,NorthWindows,39.2608
0.79,343,147,7,NorthFacing,0.4,NorthWindows,42.3881
0.79,343,147,7,SouthFacing,0.4,NorthWindows,30.7834
0.79,343,147,7,EastFacing,0.4,NorthWindows,37.1171
0.79,343,147,7,WestFacing,0.4,NorthWindows,33.3971
0.76,416.5,122.5,7,NorthFacing,0.4,NorthWindows,38.5851
0.76,416.5,122.5,7,SouthFacing,0.4,NorthWindows,37.4423
0.76,416.5,122.5,7,EastFacing,0.4,NorthWindows,42.3582
0.76,416.5,122.5,7,WestFacing,0.4,NorthWindows,38.3748
0.74,245,220.5,3.5,NorthFacing,0.4,NorthWindows,15.6413
0.74,245,220.5,3.5,SouthFacing,0.4,NorthWindows,16.2592
0.74,245,220.5,3.5,EastFacing,0.4,NorthWindows,16.5653
0.74,245,220.5,3.5,WestFacing,0.4,NorthWindows,15.4905
0.71,269.5,220.5,3.5,NorthFacing,0.4,NorthWindows,18.1926
0.71,269.5,220.5,3.5,SouthFacing,0.4,NorthWindows,15.5532
0.71,269.5,220.5,3.5,EastFacing,0.4,NorthWindows,21.7391
0.71,269.5,220.5,3.5,WestFacing,0.4,NorthWindows,16.7927
0.69,294,220.5,3.5,NorthFacing,0.4,NorthWindows,19.5102
0.69,294,220.5,3.5,SouthFacing,0.4,NorthWindows,17.6859
0.69,294,220.5,3.5,EastFacing,0.4,NorthWindows,13.4517
0.69,294,220.5,3.5,WestFacing,0.4,NorthWindows,20.5998
0.66,318.5,220.5,3.5,NorthFacing,0.4,NorthWindows,16.7295
0.66,318.5,220.5,3.5,SouthFacing,0.4,NorthWindows,13.9414
0.66,318.5,220.5,3.5,EastFacing,0.4,NorthWindows,19.0431
0.66,318.5,220.5,3.5,WestFacing,0.4,NorthWindows,18.5159
0.64,343,220.5,3.5,NorthFacing,0.4,NorthWindows,18.4779
0.64,343,220.5,3.5,SouthFacing,0.4,NorthWindows,18.1164
0.64,343,220.5,3.5,EastFacing,0.4,NorthWindows,25.3099
0.64,343,220.5,3.5,WestFacing,0.4,NorthWindows,17.3375
0.62,367.5,220.5,3.5,NorthFacing,0.4,NorthWindows,17.2904
0.62,367.5,220.5,3.5,SouthFacing,0.4,NorthWindows,25.4983
0.62,367.5,220.5,3.5,EastFacing,0.4,NorthWindows,13.1056
0.62,367.5,220.5,3.5,WestFacing,0.4,NorthWindows,14.6006
0.98,294,110.25,7,NorthFacing,0.4,SouthWindows,25.4725
0.98,294,110.25,7,SouthFacing,0.4,SouthWindows,28.9083
0.98,294,110.25,7,EastFacing,0.4,SouthWindows,27.5729
0.98,294,110.25,7,WestFacing,0.4,SouthWindows,32.3154
0.9,318.5,122.5,7,NorthFacing,0.4,SouthWindows,33.3826
0.9,318.5,122.5,7,SouthFacing,0.4,SouthWindows,32.916
0.9,318.5,122.5,7,EastFacing,0.4,SouthWindows,38.2125
0.9,318.5,122.5,7,WestFacing,0.4,SouthWindows,32.441
0.86,294,147,7,NorthFacing,0.4,SouthWindows,38.108
0.86,294,147,7,SouthFacing,0.4,SouthWindows,34.9338
0.86,294,147,7,EastFacing,0.4,SouthWindows,33.1591
0.86,294,147,7,WestFacing,0.4,SouthWindows,36.2457
0.82,318.5,147,7,NorthFacing,0.4,SouthWindows,35.835
0.82,318.5,147,7,SouthFacing,0.4,SouthWindows,35.5897
0.82,318.5,147,7,EastFacing,0.4,SouthWindows,31.377
0.82,318.5,147,7,WestFacing,0.4,SouthWindows,35.62
0.79,343,147,7,NorthFacing,0.4,SouthWindows,39.5657
0.79,343,147,7,SouthFacing,0.4,SouthWindows,36.2007
0.79,343,147,7,EastFacing,0.4,SouthWindows,40.5289
0.79,343,147,7,WestFacing,0.4,SouthWindows,38.5257
0.76,416.5,122.5,7,NorthFacing,0.4,SouthWindows,43.3701
0.76,416.5,122.5,7,SouthFacing,0.4,SouthWindows,38.5594
0.76,416.5,122.5,7,EastFacing,0.4,SouthWindows,35.5821
0.76,416.5,122.5,7,WestFacing,0.4,SouthWindows,39.1058
0.74,245,220.5,3.5,NorthFacing,0.4,SouthWindows,14.6187
0.74,245,220.5,3.5,SouthFacing,0.4,SouthWindows,14.2771
0.74,245,220.5,3.5,EastFacing,0.4,SouthWindows,15.229
0.74,245,220.5,3.5,WestFacing,0.4,SouthWindows,15.2777
0.71,269.5,220.5,3.5,NorthFacing,0.4,SouthWindows,13.8639
0.71,269.5,220.5,3.5,SouthFacing,0.4,SouthWindows,14.6014
0.71,269.5,220.5,3.5,EastFacing,0.4,SouthWindows,16.7446
0.71,269.5,220.5,3.5,WestFacing,0.4,SouthWindows,19.6566
0.69,294,220.5,3.5,NorthFacing,0.4,SouthWindows,14.9651
0.69,294,220.5,3.5,SouthFacing,0.4,SouthWindows,16.1972
0.69,294,220.5,3.5,EastFacing,0.4,SouthWindows,19.7617
0.69,294,220.5,3.5,WestFacing,0.4,SouthWindows,15.9509
0.66,318.5,220.5,3.5,NorthFacing,0.4,SouthWindows,18.7556
0.66,318.5,220.5,3.5,SouthFacing,0.4,SouthWindows,19.1938
0.66,318.5,220.5,3.5,EastFacing,0.4,SouthWindows,17.1638
0.66,318.5,220.5,3.5,WestFacing,0.4,SouthWindows,23.4791
0.64,343,220.5,3.5,NorthFacing,0.4,SouthWindows,18.4879
0.64,343,220.5,3.5,SouthFacing,0.4,SouthWindows,18.2883
0.64,343,220.5,3.5,EastFacing,0.4,SouthWindows,16.7847
0.64,343,220.5,3.5,WestFacing,0.4,SouthWindows,21.8078
0.62,367.5,220.5,3.5,NorthFacing,0.4,SouthWindows,15.2939
0.62,367.5,220.5,3.5,SouthFacing,0.4,SouthWindows,16.811
0.62,367.5,220.5,3.5,EastFacing,0.4,SouthWindows,18.8693
0.62,367.5,220.5,3.5,WestFacing,0.4,SouthWindows,18.5012
0.98,294,110.25,7,NorthFacing,0.4,EastWindows,30.5595
0.98,294,110.25,7,SouthFacing,0.4,EastWindows,34.6461
0.98,294,110.25,7,EastFacing,0.4,EastWindows,33.8923
0.98,294,110.25,7,WestFacing,0.4,EastWindows,26.3768
0.9,318.5,122.5,7,NorthFacing,0.4,EastWindows,33.6634
0.9,318.5,122.5,7,SouthFacing,0.4,EastWindows,27.9824
0.9,318.5,122.5,7,EastFacing,0.4,EastWindows,32.4902
0.9,318.5,122.5,7,WestFacing,0.4,EastWindows,35.0268
0.86,294,147,7,NorthFacing,0.4,EastWindows,33.076
0.86,294,147,7,SouthFacing,0.4,EastWindows,31.7387
0.86,294,147,7,EastFacing,0.4,EastWindows,36.3926
0.86,294,147,7,WestFacing,0.4,EastWindows,31.701
0.82,318.5,147,7,NorthFacing,0.4,EastWindows,29.2034
0.82,318.5,147,7,SouthFacing,0.4,EastWindows,30.9918
0.82,318.5,147,7,EastFacing,0.4,EastWindows,40.5575
0.82,318.5,147,7,WestFacing,0.4,EastWindows,37.4163
0.79,343,147,7,NorthFacing,0.4,EastWindows,43.0218
0.79,343,147,7,SouthFacing,0.4,EastWindows,35.954
0.79,343,147,7,EastFacing,0.4,EastWindows,36.6041
0.79,343,147,7,WestFacing,0.4,EastWindows,35.2072
0.76,416.5,122.5,7,NorthFacing,0.4,EastWindows,44.3182
0.76,416.5,122.5,7,SouthFacing,0.4,EastWindows,38.8335
0.76,416.5,122.5,7,EastFacing,0.4,EastWindows,41.7067
0.76,416.5,122.5,7,WestFacing,0.4,EastWindows,40.537
0.74,245,220.5,3.5,NorthFacing,0.4,EastWindows,14.6214
0.74,245,220.5,3.5,SouthFacing,0.4,EastWindows,10.6884
0.74,245,220.5,3.5,EastFacing,0.4,EastWindows,18.4121
0.74,245,220.5,3.5,WestFacing,0.4,EastWindows,20.5318
0.71,269.5,220.5,3.5,NorthFacing,0.4,EastWindows,19.495
0.71,269.5,220.5,3.5,SouthFacing,0.4,EastWindows,16.1107
0.71,269.5,220.5,3.5,EastFacing,0.4,EastWindows,15.8532
0.71,269.5,220.5,3.5,WestFacing,0.4,EastWindows,17.1402
0.69,294,220.5,3.5,NorthFacing,0.4,EastWindows,12.8827
0.69,294,220.5,3.5,SouthFacing,0.4,EastWindows,14.6325
0.69,294,220.5,3.5,EastFacing,0.4,EastWindows,16.3951
0.69,294,220.5,3.5,WestFacing,0.4,EastWindows,18.7259
0.66,318.5,220.5,3.5,NorthFacing,0.4,EastWindows,22.3729
0.66,318.5,220.5,3.5,SouthFacing,0.4,EastWindows,20.8294
0.66,318.5,220.5,3.5,EastFacing,0.4,EastWindows,18.6785
0.66,318.5,220.5,3.5,WestFacing,0.4,EastWindows,20.1019
0.64,343,220.5,3.5,NorthFacing,0.4,EastWindows,12.7466
0.64,343,220.5,3.5,SouthFacing,0.4,EastWindows,22.5459
0.64,343,220.5,3.5,EastFacing,0.4,EastWindows,19.7247
0.64,343,220.5,3.5,WestFacing,0.4,EastWindows,20.856
0.62,367.5,220.5,3.5,NorthFacing,0.4,EastWindows,24.9989
0.62,367.5,220.5,3.5,SouthFacing,0.4,EastWindows,17.9629
0.62,367.5,220.5,3.5,EastFacing,0.4,EastWindows,23.1283
0.62,367.5,220.5,3.5,WestFacing,0.4,EastWindows,15.7294
0.98,294,110.25,7,NorthFacing,0.4,WestWindows,24.9329
0.98,294,110.25,7,SouthFacing,0.4,WestWindows,27.2692
0.98,294,110.25,7,EastFacing,0.4,WestWindows,30.8525
0.98,294,110.25,7,WestFacing,0.4,WestWindows,34.0149
0.9,318.5,122.5,7,NorthFacing,0.4,WestWindows,35.5358
0.9,318.5,122.5,7,SouthFacing,0.4,WestWindows,30.792
0.9,318.5,122.5,7,EastFacing,0.4,WestWindows,38.111
0.9,318.5,122.5,7,WestFacing,0.4,WestWindows,34.685
0.86,294,147,7,NorthFacing,0.4,WestWindows,32.7024
0.86,294,147,7,SouthFacing,0.4,WestWindows,36.9184
0.86,294,147,7,EastFacing,0.4,WestWindows,27.1499
0.86,294,147,7,WestFacing,0.4,WestWindows,39.0787
0.82,318.5,147,7,NorthFacing,0.4,WestWindows,36.2402
0.82,318.5,147,7,SouthFacing,0.4,WestWindows,32.0239
0.82,318.5,147,7,EastFacing,0.4,WestWindows,34.4912
0.82,318.5,147,7,WestFacing,0.4,WestWindows,34.7435
0.79,343,147,7,NorthFacing,0.4,WestWindows,36.1034
0.79,343,147,7,SouthFacing,0.4,WestWindows,39.2875
0.79,343,147,7,EastFacing,0.4,WestWindows,36.2052
0.79,343,147,7,WestFacing,0.4,WestWindows,40.4819
0.76,416.5,122.5,7,NorthFacing,0.4,WestWindows,33.9976
0.76,416.5,122.5,7,SouthFacing,0.4,WestWindows,38.268
0.76,416.5,122.5,7,EastFacing,0.4,WestWindows,37.4401
0.76,416.5,122.5,7,WestFacing,0.4,WestWindows,40.4339
0.74,245,220.5,3.5,NorthFacing,0.4,WestWindows,15.2199
0.74,245,220.5,3.5,SouthFacing,0.4,WestWindows,17.8996
0.74,245,220.5,3.5,EastFacing,0.4,WestWindows,17.118
0.74,245,220.5,3.5,WestFacing,0.4,WestWindows,24.7648
0.71,269.5,220.5,3.5,NorthFacing,0.4,WestWindows,21.0463
0.71,269.5,220.5,3.5,SouthFacing,0.4,WestWindows,21.3424
0.71,269.5,220.5,3.5,EastFacing,0.4,WestWindows,17.7647
0.71,269.5,220.5,3.5,WestFacing,0.4,WestWindows,16.9053
0.69,294,220.5,3.5,NorthFacing,0.4,WestWindows,14.3697
0.69,294,220.5,3.5,SouthFacing,0.4,WestWindows,21.3239
0.69,294,220.5,3.5,EastFacing,0.4,WestWindows,18.4969
0.69,294,220.5,3.5,WestFacing,0.4,WestWindows,25.5201
0.66,318.5,220.5,3.5,NorthFacing,0.4,WestWindows,18.0574
0.66,318.5,220.5,3.5,SouthFacing,0.4,WestWindows,15.2393
0.66,318.5,220.5,3.5,EastFacing,0.4,WestWindows,17.2166
0.66,318.5,220.5,3.5,WestFacing,0.4,WestWindows,26.0577
0.64,343,220.5,3.5,NorthFacing,0.4,WestWindows,19.4818
0.64,343,220.5,3.5,SouthFacing,0.4,WestWindows,15.7849
0.64,343,220.5,3.5,EastFacing,0.4,WestWindows,20.0315
0.64,343,220.5,3.5,WestFacing,0.4,WestWindows,14.9789
0.62,367.5,220.5,3.5,NorthFacing,0.4,WestWindows,16.6451
0.62,367.5,220.5,3.5,SouthFacing,0.4,WestWindows,15.6071
0.62,367.5,220.5,3.5,EastFacing,0.4,WestWindows,21.127
0.62,367.5,220.5,3.5,WestFacing,0.4,WestWindows,24.0517
