"declaration_title","state","designated_area","year_declared"
"Hurricane","NC","Washington (County)",2020
"Hurricane","NC","Camden (County)",2020
"Hurricane","NC","Perquimans (County)",2020
"Hurricane","NC","Carteret (County)",2020
"Hurricane","NC","Hyde (County)",2020
"Hurricane","NC","Columbus (County)",2020
"Hurricane","NC","Dare (County)",2020
"Hurricane","NC","Pender (County)",2020
"Hurricane","NC","Wayne (County)",2020
"Hurricane","NC","Hoke (County)",2020
"Hurricane","NC","Robeson (County)",2020
"Hurricane","NC","Chowan (County)",2020
"Hurricane","NC","New Hanover (County)",2020
"Hurricane","NC","Pasquotank (County)",2020
"Hurricane","NC","Brunswick (County)",2020
"Hurricane","NC","Pitt (County)",2020
"Hurricane","NC","Tyrrell (County)",2020
"Hurricane","NC","Sampson (County)",2020
"Hurricane","NC","Jones (County)",2020
"Hurricane","NC","Beaufort (County)",2020
"Hurricane","NC","Bladen (County)",2020
"Hurricane","NC","Greene (County)",2020
"Hurricane","NC","Craven (County)",2020
"Hurricane","NC","Currituck (County)",2020
"Hurricane","NC","Lenoir (County)",2020
"Hurricane","NC","Duplin (County)",2020
"Hurricane","NC","Onslow (County)",2020
"Hurricane","NC","Pamlico (County)",2020
"Hurricane","TX","Jefferson (County)",2020
"Hurricane","TX","Chambers (County)",2020
"Hurricane","TX","Montgomery (County)",2020
"Hurricane","TX","Orange (County)",2020
"Hurricane","TX","San Jacinto (County)",2020
"Hurricane","TX","Harris (County)",2020
"Hurricane","TX","Liberty (County)",2020
"Hurricane","MP","Northern Islands (Municipality)",2020
"Hurricane","MP","Saipan (Municipality)",2020
"Hurricane","MP","Rota (Municipality)",2020
"Hurricane","MP","Tinian (Municipality)",2020
"Severe Storm","SD","Kingsbury (County)",2020
"Severe Storm","SD","Tripp (County)",2020
"Severe Storm","SD","Meade (County)",2020
"Severe Storm","SD","Cheyenne River Indian Reservation",2020
"Severe Storm","SD","Butte (County)",2020
"Severe Storm","SD","Lawrence (County)",2020
"Severe Storm","SD","Gregory (County)",2020
"Severe Storm","SD","Lower Brule Indian Reservation",2020
"Fire","CA","Ventura (County)",2020
"Fire","CA","Los Angeles (County)",2020
"Hurricane","MP","Rota (Municipality)",2020
"Hurricane","MP","Northern Islands (Municipality)",2020
"Hurricane","MP","Saipan (Municipality)",2020
"Hurricane","MP","Tinian (Municipality)",2020
"Hurricane","FL","Indian River (County)",2020
"Hurricane","FL","St. Johns (County)",2020
"Hurricane","FL","Palm Beach (County)",2020
"Hurricane","FL","St. Lucie (County)",2020
"Hurricane","FL","Osceola (County)",2020
"Hurricane","FL","Putnam (County)",2020
"Hurricane","FL","Nassau (County)",2020
"Hurricane","FL","Broward (County)",2020
"Hurricane","FL","Brevard (County)",2020
"Hurricane","FL","Flagler (County)",2020
"Hurricane","FL","Seminole (County)",2020
"Hurricane","FL","Volusia (County)",2020
"Hurricane","FL","Martin (County)",2020
"Hurricane","FL","Duval (County)",2020
"Fire","HI","Maui (County)",2020
"Fire","CA","Sonoma (County)",2020
"Fire","CA","Los Angeles (County)",2020
"Fire","CA","Los Angeles (County)",2020
"Fire","CA","Ventura (County)",2020
"Fire","CA","Riverside (County)",2020
"Fire","CA","Riverside (County)",2020
"Fire","CA","San Bernardino (County)",2020
"Fire","CA","Ventura (County)",2020
"Severe Storm","SD","Day (County)",2020
"Severe Storm","SD","Douglas (County)",2020
"Severe Storm","SD","Turner (County)",2020
"Severe Storm","SD","Charles Mix (County)",2020
"Severe Storm","SD","Brookings (County)",2020
"Severe Storm","SD","Brule (County)",2020
"Severe Storm","SD","Kingsbury (County)",2020
"Severe Storm","SD","Flandreau Indian Reservation",2020
"Severe Storm","SD","Yankton Indian Reservation",2020
"Severe Storm","SD","Miner (County)",2020
"Severe Storm","SD","Codington (County)",2020
"Severe Storm","SD","Lincoln (County)",2020
"Severe Storm","SD","Sanborn (County)",2020
"Severe Storm","SD","Union (County)",2020
"Severe Storm","SD","Davison (County)",2020
"Severe Storm","SD","Hanson (County)",2020
"Severe Storm","SD","Clark (County)",2020
"Severe Storm","SD","Gregory (County)",2020
"Severe Storm","SD","Lake (County)",2020
"Severe Storm","SD","McCook (County)",2020
"Severe Storm","SD","Moody (County)",2020
"Severe Storm","SD","Aurora (County)",2020
"Severe Storm","SD","Yankton (County)",2020
"Severe Storm","SD","Hutchinson (County)",2020
"Severe Storm","SD","Minnehaha (County)",2020
"Fire","CA","Santa Barbara (County)",2020
"Fire","OK","Woodward (County)",2020
"Fire","OK","Ellis (County)",2020
"Flood","MS","Alcorn (County)",2020
"Flood","MS","Chickasaw (County)",2020
"Flood","MS","Neshoba (County)",2020
"Flood","MS","Tippah (County)",2020
"Flood","MS","Pontotoc (County)",2020
"Flood","MS","Marion (County)",2020
"Flood","MS","Jasper (County)",2020
"Flood","MS","Covington (County)",2020
"Flood","MS","Oktibbeha (County)",2020
"Flood","MS","Itawamba (County)",2020
"Flood","MS","Leake (County)",2020
"Flood","MS","Prentiss (County)",2020
"Flood","MS","Scott (County)",2020
"Flood","MS","Newton (County)",2020
"Flood","MS","Smith (County)",2020
"Flood","MS","Lee (County)",2020
"Flood","MS","Jefferson Davis (County)",2020
"Flood","MS","Simpson (County)",2020
"Flood","MS","Choctaw (County)",2020
"Severe Storm","TN","Perry (County)",2020
"Severe Storm","TN","Houston (County)",2020
"Severe Storm","TN","Wayne (County)",2020
"Severe Storm","TN","Benton (County)",2020
"Severe Storm","TN","Humphreys (County)",2020
"Severe Storm","TN","Hardin (County)",2020
"Severe Storm","TN","Henderson (County)",2020
"Severe Storm","TN","McNairy (County)",2020
"Severe Storm","TN","Montgomery (County)",2020
"Severe Storm","TN","Decatur (County)",2020
"Severe Storm","NY","Chautauqua (County)",2020
"Severe Storm","NY","Fulton (County)",2020
"Severe Storm","NY","Tioga (County)",2020
"Severe Storm","NY","Oneida (County)",2020
"Severe Storm","NY","Essex (County)",2020
"Severe Storm","NY","Erie (County)",2020
"Severe Storm","NY","Lewis (County)",2020
"Severe Storm","NY","Jefferson (County)",2020
"Severe Storm","NY","Montgomery (County)",2020
"Severe Storm","NY","Chenango (County)",2020
"Severe Storm","NY","Warren (County)",2020
"Severe Storm","NY","Oswego (County)",2020
"Severe Storm","NY","Saratoga (County)",2020
"Severe Storm","NY","Hamilton (County)",2020
"Severe Storm","NY","Cortland (County)",2020
"Severe Storm","NY","Otsego (County)",2020
"Severe Storm","NY","Herkimer (County)",2020
"Severe Storm","NY","Madison (County)",2020
"Earthquake","PR","Aguas Buenas (Municipio)",2020
"Earthquake","PR","Aibonito (Municipio)",2020
"Earthquake","PR","Adjuntas (Municipio)",2020
"Earthquake","PR","Anasco (Municipio)",2020
"Earthquake","PR","Aguadilla (Municipio)",2020
"Earthquake","PR","Aguada (Municipio)",2020
"Earthquake","PR","Arecibo (Municipio)",2020
"Earthquake","PR","Arroyo (Municipio)",2020
"Earthquake","PR","Barceloneta (Municipio)",2020
"Earthquake","PR","Caguas (Municipio)",2020
"Earthquake","PR","Cabo Rojo (Municipio)",2020
"Earthquake","PR","Camuy (Municipio)",2020
"Earthquake","PR","Corozal (Municipio)",2020
"Earthquake","PR","Culebra (Municipio)",2020
"Earthquake","PR","Comerio (Municipio)",2020
"Earthquake","PR","Carolina (Municipio)",2020
"Earthquake","PR","Catano (Municipio)",2020
"Earthquake","PR","Canovanas (Municipio)",2020
"Earthquake","PR","Barranquitas (Municipio)",2020
"Earthquake","PR","Bayamon (Municipio)",2020
"Earthquake","PR","Coamo (Municipio)",2020
"Earthquake","PR","Dorado (Municipio)",2020
"Earthquake","PR","Fajardo (Municipio)",2020
"Earthquake","PR","Ciales (Municipio)",2020
"Earthquake","PR","Guanica (Municipio)",2020
"Earthquake","PR","Ceiba (Municipio)",2020
"Earthquake","PR","Cidra (Municipio)",2020
"Earthquake","PR","Florida (Municipio)",2020
"Earthquake","PR","Guayama (Municipio)",2020
"Earthquake","PR","Cayey (Municipio)",2020
"Earthquake","PR","Guayanilla (Municipio)",2020
"Earthquake","PR","Guaynabo (Municipio)",2020
"Earthquake","PR","Gurabo (Municipio)",2020
"Earthquake","PR","Hatillo (Municipio)",2020
"Earthquake","PR","Hormigueros (Municipio)",2020
"Earthquake","PR","Humacao (Municipio)",2020
"Earthquake","PR","Isabela (Municipio)",2020
"Earthquake","PR","Jayuya (Municipio)",2020
"Earthquake","PR","Juana Diaz (Municipio)",2020
"Earthquake","PR","Lares (Municipio)",2020
"Earthquake","PR","Juncos (Municipio)",2020
"Earthquake","PR","Luquillo (Municipio)",2020
"Earthquake","PR","Loiza (Municipio)",2020
"Earthquake","PR","Las Marias (Municipio)",2020
"Earthquake","PR","Lajas (Municipio)",2020
"Earthquake","PR","Las Piedras (Municipio)",2020
"Earthquake","PR","Maunabo (Municipio)",2020
"Earthquake","PR","Mayaguez (Municipio)",2020
"Earthquake","PR","Moca (Municipio)",2020
"Earthquake","PR","Orocovis (Municipio)",2020
"Earthquake","PR","Naguabo (Municipio)",2020
"Earthquake","PR","Naranjito (Municipio)",2020
"Earthquake","PR","Maricao (Municipio)",2020
"Earthquake","PR","Manati (Municipio)",2020
"Earthquake","PR","Morovis (Municipio)",2020
"Earthquake","PR","Patillas (Municipio)",2020
"Earthquake","PR","Rio Grande (Municipio)",2020
"Earthquake","PR","Quebradillas (Municipio)",2020
"Earthquake","PR","Rincon (Municipio)",2020
"Earthquake","PR","Penuelas (Municipio)",2020
"Earthquake","PR","Ponce (Municipio)",2020
"Earthquake","PR","Sabana Grande (Municipio)",2020
"Earthquake","PR","Salinas (Municipio)",2020
"Earthquake","PR","San German (Municipio)",2020
"Earthquake","PR","San Lorenzo (Municipio)",2020
"Earthquake","PR","San Juan (Municipio)",2020
"Earthquake","PR","San Sebastian (Municipio)",2020
"Earthquake","PR","Toa Baja (Municipio)",2020
"Earthquake","PR","Santa Isabel (Municipio)",2020
"Earthquake","PR","Toa Alta (Municipio)",2020
"Earthquake","PR","Trujillo Alto (Municipio)",2020
"Earthquake","PR","Vega Alta (Municipio)",2020
"Earthquake","PR","Yabucoa (Municipio)",2020
"Earthquake","PR","Villalba (Municipio)",2020
"Earthquake","PR","Utuado (Municipio)",2020
"Earthquake","PR","Vega Baja (Municipio)",2020
"Earthquake","PR","Vieques (Municipio)",2020
"Earthquake","PR","Yauco (Municipio)",2020
"Earthquake","PR","Yauco (Municipio)",2020
"Earthquake","PR","Corozal (Municipio)",2020
"Earthquake","PR","Hormigueros (Municipio)",2020
"Earthquake","PR","Penuelas (Municipio)",2020
"Earthquake","PR","Villalba (Municipio)",2020
"Earthquake","PR","Jayuya (Municipio)",2020
"Earthquake","PR","Cabo Rojo (Municipio)",2020
"Earthquake","PR","Naranjito (Municipio)",2020
"Earthquake","PR","Salinas (Municipio)",2020
"Earthquake","PR","Guayanilla (Municipio)",2020
"Earthquake","PR","Lares (Municipio)",2020
"Earthquake","PR","Moca (Municipio)",2020
"Earthquake","PR","Lajas (Municipio)",2020
"Earthquake","PR","Anasco (Municipio)",2020
"Earthquake","PR","Maricao (Municipio)",2020
"Earthquake","PR","Morovis (Municipio)",2020
"Earthquake","PR","Santa Isabel (Municipio)",2020
"Earthquake","PR","Juana Diaz (Municipio)",2020
"Earthquake","PR","Aguada (Municipio)",2020
"Earthquake","PR","Mayaguez (Municipio)",2020
"Earthquake","PR","Coamo (Municipio)",2020
"Earthquake","PR","Adjuntas (Municipio)",2020
"Earthquake","PR","San Sebastian (Municipio)",2020
"Earthquake","PR","Ponce (Municipio)",2020
"Earthquake","PR","Arecibo (Municipio)",2020
"Earthquake","PR","Ciales (Municipio)",2020
"Earthquake","PR","Orocovis (Municipio)",2020
"Earthquake","PR","Rincon (Municipio)",2020
"Earthquake","PR","Las Marias (Municipio)",2020
"Earthquake","PR","Sabana Grande (Municipio)",2020
"Earthquake","PR","San German (Municipio)",2020
"Earthquake","PR","Guanica (Municipio)",2020
"Earthquake","PR","Utuado (Municipio)",2020
"Earthquake","PR","Barceloneta (Municipio)",2020
"Severe Storm","VT","Lamoille (County)",2020
"Severe Storm","VT","Franklin (County)",2020
"Severe Storm","VT","Washington (County)",2020
"Severe Storm","VT","Orleans (County)",2020
"Severe Storm","VT","Orange (County)",2020
"Severe Storm","VT","Essex (County)",2020
"Severe Storm","VT","Addison (County)",2020
"Severe Storm","VT","Chittenden (County)",2020
"Flood","ND","Grand Forks (County)",2020
"Flood","ND","Emmons (County)",2020
"Flood","ND","LaMoure (County)",2020
"Flood","ND","Walsh (County)",2020
"Flood","ND","Sargent (County)",2020
"Flood","ND","Eddy (County)",2020
"Flood","ND","Dickey (County)",2020
"Flood","ND","Barnes (County)",2020
"Flood","ND","Kidder (County)",2020
"Flood","ND","Griggs (County)",2020
"Flood","ND","Stutsman (County)",2020
"Flood","ND","Wells (County)",2020
"Flood","ND","Logan (County)",2020
"Flood","ND","Mountrail (County)",2020
"Flood","ND","Sheridan (County)",2020
"Flood","ND","Nelson (County)",2020
"Flood","ND","Foster (County)",2020
"Flood","ND","Traill (County)",2020
"Severe Storm","TN","Davidson (County)",2020
"Severe Storm","TN","Carroll (County)",2020
"Severe Storm","TN","Benton (County)",2020
"Severe Storm","TN","Smith (County)",2020
"Severe Storm","TN","Putnam (County)",2020
"Severe Storm","TN","Wilson (County)",2020
"Fire","OK","Beaver (County)",2020
"Severe Storm","WI","Kenosha (County)",2020
"Severe Storm","WI","Racine (County)",2020
"Severe Storm","WI","Milwaukee (County)",2020
"Severe Storm","MS","DeSoto (County)",2020
"Severe Storm","MS","Prentiss (County)",2020
"Severe Storm","MS","Tallahatchie (County)",2020
"Severe Storm","MS","Clay (County)",2020
"Severe Storm","MS","Washington (County)",2020
"Severe Storm","MS","Panola (County)",2020
"Severe Storm","MS","Bolivar (County)",2020
"Severe Storm","MS","Choctaw (County)",2020
"Severe Storm","MS","Chickasaw (County)",2020
"Severe Storm","MS","Quitman (County)",2020
"Severe Storm","MS","Oktibbeha (County)",2020
"Severe Storm","MS","Sunflower (County)",2020
"Severe Storm","MS","Tishomingo (County)",2020
"Severe Storm","SC","Anderson (County)",2020
"Severe Storm","SC","Bamberg (County)",2020
"Severe Storm","SC","Oconee (County)",2020
"Severe Storm","SC","Spartanburg (County)",2020
"Severe Storm","SC","Greenville (County)",2020
"Severe Storm","SC","Chester (County)",2020
"Severe Storm","SC","Newberry (County)",2020
"Severe Storm","SC","Pickens (County)",2020
"Severe Storm","SC","Hampton (County)",2020
"Severe Storm","SC","Barnwell (County)",2020
"Severe Storm","OR","Umatilla (County)",2020
"Severe Storm","OR","Wallowa (County)",2020
"Severe Storm","OR","Union (County)",2020
"Severe Storm","OR","Umatilla Indian Reservation",2020
"Severe Storm","MS","Coahoma (County)",2020
"Severe Storm","MS","Lafayette (County)",2020
"Severe Storm","MS","Sunflower (County)",2020
"Severe Storm","MS","Yalobusha (County)",2020
"Severe Storm","MS","Calhoun (County)",2020
"Severe Storm","MS","Choctaw (County)",2020
"Severe Storm","MS","Bolivar (County)",2020
"Severe Storm","MS","Webster (County)",2020
"Severe Storm","MS","Grenada (County)",2020
"Severe Storm","MS","Covington (County)",2020
"Severe Storm","MS","Lawrence (County)",2020
"Severe Storm","MS","Holmes (County)",2020
"Severe Storm","MS","Leake (County)",2020
"Severe Storm","MS","Tallahatchie (County)",2020
"Severe Storm","MS","Tate (County)",2020
"Severe Storm","MS","Smith (County)",2020
"Severe Storm","MS","Panola (County)",2020
"Severe Storm","MS","Clay (County)",2020
"Severe Storm","MS","Walthall (County)",2020
"Severe Storm","MS","Tunica (County)",2020
"Severe Storm","MS","Montgomery (County)",2020
"Severe Storm","MS","Jefferson Davis (County)",2020
"Severe Storm","MS","Chickasaw (County)",2020
"Severe Storm","MS","Jasper (County)",2020
"Severe Storm","MS","Noxubee (County)",2020
"Severe Storm","MS","Quitman (County)",2020
"Severe Storm","MS","Carroll (County)",2020
"Severe Storm","MS","Jones (County)",2020
"Severe Storm","MS","Clarke (County)",2020
"Severe Storm","WA","King (County)",2020
"Severe Storm","WA","Grays Harbor (County)",2020
"Severe Storm","WA","Thurston (County)",2020
"Severe Storm","WA","San Juan (County)",2020
"Severe Storm","WA","Skagit (County)",2020
"Severe Storm","WA","Pacific (County)",2020
"Severe Storm","WA","Whatcom (County)",2020
"Severe Storm","WA","Walla Walla (County)",2020
"Severe Storm","WA","Garfield (County)",2020
"Severe Storm","WA","Island (County)",2020
"Severe Storm","WA","Columbia (County)",2020
"Severe Storm","WA","Mason (County)",2020
"Severe Storm","WA","Snohomish (County)",2020
"Severe Storm","WA","Lewis (County)",2020
"Severe Storm","WA","Wahkiakum (County)",2020
"Severe Storm","MS","Wilkinson (County)",2020
"Severe Storm","MS","Attala (County)",2020
"Severe Storm","MS","Hinds (County)",2020
"Severe Storm","MS","Holmes (County)",2020
"Severe Storm","MS","Grenada (County)",2020
"Severe Storm","MS","Marion (County)",2020
"Severe Storm","MS","Copiah (County)",2020
"Severe Storm","MS","Claiborne (County)",2020
"Severe Storm","MS","Issaquena (County)",2020
"Severe Storm","MS","Leflore (County)",2020
"Severe Storm","MS","Clay (County)",2020
"Severe Storm","MS","Yazoo (County)",2020
"Severe Storm","MS","Sharkey (County)",2020
"Severe Storm","MS","Warren (County)",2020
"Severe Storm","MS","Carroll (County)",2020
"Severe Storm","KY","Lewis (County)",2020
"Severe Storm","KY","Knox (County)",2020
"Severe Storm","KY","Letcher (County)",2020
"Severe Storm","KY","Perry (County)",2020
"Severe Storm","KY","Owsley (County)",2020
"Severe Storm","KY","Clay (County)",2020
"Severe Storm","KY","Lawrence (County)",2020
"Severe Storm","KY","Morgan (County)",2020
"Severe Storm","KY","Powell (County)",2020
"Severe Storm","KY","Pike (County)",2020
"Severe Storm","KY","Leslie (County)",2020
"Severe Storm","KY","Magoffin (County)",2020
"Severe Storm","KY","Johnson (County)",2020
"Severe Storm","KY","Union (County)",2020
"Severe Storm","KY","Monroe (County)",2020
"Severe Storm","KY","Metcalfe (County)",2020
"Severe Storm","KY","Boyd (County)",2020
"Severe Storm","KY","McCracken (County)",2020
"Severe Storm","KY","McCreary (County)",2020
"Severe Storm","KY","Harlan (County)",2020
"Severe Storm","KY","Butler (County)",2020
"Severe Storm","KY","Whitley (County)",2020
"Severe Storm","KY","Bell (County)",2020
"Severe Storm","KY","Hickman (County)",2020
"Severe Storm","KY","Henderson (County)",2020
"Severe Storm","KY","Menifee (County)",2020
"Severe Storm","KY","Knott (County)",2020
"Severe Storm","TN","Unicoi (County)",2020
"Severe Storm","TN","Bradley (County)",2020
"Severe Storm","TN","Monroe (County)",2020
"Severe Storm","TN","Hamilton (County)",2020
"Severe Storm","TN","Washington (County)",2020
"Severe Storm","TN","Campbell (County)",2020
"Severe Storm","TN","Marion (County)",2020
"Severe Storm","TN","Polk (County)",2020
"Severe Storm","TN","Scott (County)",2020
"Severe Storm","SC","Georgetown (County)",2020
"Severe Storm","SC","Colleton (County)",2020
"Severe Storm","SC","Orangeburg (County)",2020
"Severe Storm","SC","Marlboro (County)",2020
"Severe Storm","SC","Aiken (County)",2020
"Severe Storm","SC","Oconee (County)",2020
"Severe Storm","SC","Barnwell (County)",2020
"Severe Storm","SC","Berkeley (County)",2020
"Severe Storm","SC","Pickens (County)",2020
"Severe Storm","SC","Hampton (County)",2020
"Fire","FL","Santa Rosa (County)",2020
"Fire","FL","Walton (County)",2020
"Severe Storm","NC","Gaston (County)",2020
"Severe Storm","NC","Swain (County)",2020
"Severe Storm","NC","Madison (County)",2020
"Severe Storm","NC","Randolph (County)",2020
"Severe Storm","NC","Stokes (County)",2020
"Severe Storm","NC","Perquimans (County)",2020
"Severe Storm","NC","Yadkin (County)",2020
"Severe Storm","NC","Stanly (County)",2020
"Severe Storm","NC","Wayne (County)",2020
"Severe Storm","NC","Graham (County)",2020
"Severe Storm","NC","Rutherford (County)",2020
"Severe Storm","NC","Ashe (County)",2020
"Severe Storm","NC","Alexander (County)",2020
"Severe Storm","NC","Cleveland (County)",2020
"Severe Storm","NC","Mitchell (County)",2020
"Severe Storm","NC","Cherokee (County)",2020
"Severe Storm","NC","Polk (County)",2020
"Severe Storm","NC","Yancey (County)",2020
"Severe Storm","NC","Pender (County)",2020
"Severe Storm","AR","Craighead (County)",2020
"Fire","FL","Collier (County)",2020
"Fire","AZ","Maricopa (County)",2020
"Severe Storm","AL","Cullman (County)",2020
"Severe Storm","AL","Greene (County)",2020
"Severe Storm","AL","Perry (County)",2020
"Severe Storm","AL","Macon (County)",2020
"Severe Storm","AL","Randolph (County)",2020
"Severe Storm","AL","Butler (County)",2020
"Severe Storm","AL","Limestone (County)",2020
"Severe Storm","AL","Lamar (County)",2020
"Severe Storm","AL","Wilcox (County)",2020
"Severe Storm","AL","Fayette (County)",2020
"Severe Storm","AL","Covington (County)",2020
"Severe Storm","AL","Choctaw (County)",2020
"Severe Storm","AL","Blount (County)",2020
"Severe Storm","AL","Colbert (County)",2020
"Severe Storm","AL","Crenshaw (County)",2020
"Severe Storm","AL","Marion (County)",2020
"Severe Storm","AL","Dallas (County)",2020
"Severe Storm","AL","Chambers (County)",2020
"Severe Storm","AL","Tuscaloosa (County)",2020
"Severe Storm","MI","Gladwin (County)",2020
"Severe Storm","MI","Midland (County)",2020
"Fire","AZ","Maricopa (County)",2020
"Hurricane","LA","Acadia (Parish)",2020
"Hurricane","LA","Allen (Parish)",2020
"Hurricane","LA","Avoyelles (Parish)",2020
"Hurricane","LA","Assumption (Parish)",2020
"Hurricane","LA","Ascension (Parish)",2020
"Hurricane","LA","Beauregard (Parish)",2020
"Hurricane","LA","Bienville (Parish)",2020
"Hurricane","LA","Bossier (Parish)",2020
"Hurricane","LA","Claiborne (Parish)",2020
"Hurricane","LA","Caldwell (Parish)",2020
"Hurricane","LA","Cameron (Parish)",2020
"Hurricane","LA","Iberville (Parish)",2020
"Hurricane","LA","Jefferson (Parish)",2020
"Hurricane","LA","Lafayette (Parish)",2020
"Hurricane","LA","Caddo (Parish)",2020
"Hurricane","LA","Jackson (Parish)",2020
"Hurricane","LA","Lafourche (Parish)",2020
"Hurricane","LA","Grant (Parish)",2020
"Hurricane","LA","Calcasieu (Parish)",2020
"Hurricane","LA","East Baton Rouge (Parish)",2020
"Hurricane","LA","La Salle (Parish)",2020
"Hurricane","LA","De Soto (Parish)",2020
"Hurricane","LA","East Feliciana (Parish)",2020
"Hurricane","LA","Concordia (Parish)",2020
"Hurricane","LA","East Carroll (Parish)",2020
"Hurricane","LA","Catahoula (Parish)",2020
"Hurricane","LA","Evangeline (Parish)",2020
"Hurricane","LA","Iberia (Parish)",2020
"Hurricane","LA","Lincoln (Parish)",2020
"Hurricane","LA","Franklin (Parish)",2020
"Hurricane","LA","Jefferson Davis (Parish)",2020
"Hurricane","LA","Livingston (Parish)",2020
"Hurricane","LA","Morehouse (Parish)",2020
"Hurricane","LA","Madison (Parish)",2020
"Hurricane","LA","Natchitoches (Parish)",2020
"Hurricane","LA","Red River (Parish)",2020
"Hurricane","LA","Richland (Parish)",2020
"Hurricane","LA","Rapides (Parish)",2020
"Hurricane","LA","Orleans (Parish)",2020
"Hurricane","LA","Ouachita (Parish)",2020
"Hurricane","LA","Pointe Coupee (Parish)",2020
"Hurricane","LA","Plaquemines (Parish)",2020
"Hurricane","LA","St. James (Parish)",2020
"Hurricane","LA","St. Mary (Parish)",2020
"Hurricane","LA","Sabine (Parish)",2020
"Hurricane","LA","St. Landry (Parish)",2020
"Hurricane","LA","St. Charles (Parish)",2020
"Hurricane","LA","St. John the Baptist (Parish)",2020
"Hurricane","LA","St. Bernard (Parish)",2020
"Hurricane","LA","St. Helena (Parish)",2020
"Hurricane","LA","St. Martin (Parish)",2020
"Hurricane","LA","Tensas (Parish)",2020
"Hurricane","LA","West Carroll (Parish)",2020
"Hurricane","LA","Vernon (Parish)",2020
"Hurricane","LA","West Feliciana (Parish)",2020
"Hurricane","LA","Terrebonne (Parish)",2020
"Hurricane","LA","Vermilion (Parish)",2020
"Hurricane","LA","Tangipahoa (Parish)",2020
"Hurricane","LA","Washington (Parish)",2020
"Hurricane","LA","Union (Parish)",2020
"Hurricane","LA","West Baton Rouge (Parish)",2020
"Hurricane","LA","Winn (Parish)",2020
"Hurricane","LA","Webster (Parish)",2020
"Hurricane","LA","St. Tammany (Parish)",2020
"Fire","AZ","Pima (County)",2020
"Fire","AZ","Gila (County)",2020
"Fire","AZ","Maricopa (County)",2020
"Fire","AZ","Maricopa (County)",2020
"Fire","AZ","Maricopa (County)",2020
"Fire","NV","Washoe (County)",2020
"Fire","UT","Millard (County)",2020
"Fire","UT","Utah (County)",2020
"Fire","NV","Douglas (County)",2020
"Severe Storm","MI","Midland (County)",2020
"Severe Storm","MI","Iosco (County)",2020
"Severe Storm","MI","Gladwin (County)",2020
"Severe Storm","MI","Arenac (County)",2020
"Severe Storm","MI","Saginaw (County)",2020
"Earthquake","UT","Salt Lake (County)",2020
"Earthquake","UT","Davis (County)",2020
"Severe Storm","HI","Kauai (County)",2020
"Severe Storm","TN","Davidson (County)",2020
"Severe Storm","TN","Benton (County)",2020
"Severe Storm","TN","Lawrence (County)",2020
"Severe Storm","TN","Hickman (County)",2020
"Severe Storm","TN","Maury (County)",2020
"Severe Storm","TN","Dickson (County)",2020
"Severe Storm","TN","Lewis (County)",2020
"Severe Storm","TN","Lake (County)",2020
"Severe Storm","TN","Obion (County)",2020
"Severe Storm","TN","Dyer (County)",2020
"Severe Storm","TN","Henderson (County)",2020
"Severe Storm","TN","Henry (County)",2020
"Severe Storm","TN","Houston (County)",2020
"Severe Storm","TN","Perry (County)",2020
"Severe Storm","TN","Madison (County)",2020
"Severe Storm","TN","Carroll (County)",2020
"Severe Storm","TN","Humphreys (County)",2020
"Severe Storm","TN","Decatur (County)",2020
"Severe Storm","TN","Hardin (County)",2020
"Severe Storm","TN","Weakley (County)",2020
"Severe Storm","MS","Jones (County)",2020
"Severe Storm","MS","Pike (County)",2020
"Flood","ND","Cass (County)",2020
"Flood","ND","Stutsman (County)",2020
"Flood","ND","Dickey (County)",2020
"Flood","ND","Nelson (County)",2020
"Flood","ND","Sheridan (County)",2020
"Flood","ND","Traill (County)",2020
"Flood","ND","Wells (County)",2020
"Severe Storm","MS","Amite (County)",2020
"Severe Storm","MS","Claiborne (County)",2020
"Flood","ND","Kidder (County)",2020
"Severe Storm","MS","Smith (County)",2020
"Severe Storm","MS","Simpson (County)",2020
"Severe Storm","MS","Covington (County)",2020
"Flood","ND","Grand Forks (County)",2020
"Severe Storm","MS","George (County)",2020
"Flood","ND","Barnes (County)",2020
"Flood","ND","Ransom (County)",2020
"Severe Storm","MS","Jefferson Davis (County)",2020
"Severe Storm","MS","Lawrence (County)",2020
"Flood","ND","LaMoure (County)",2020
"Flood","ND","Steele (County)",2020
"Severe Storm","MS","Wayne (County)",2020
"Flood","ND","McIntosh (County)",2020
"Flood","ND","Richland (County)",2020
"Flood","ND","Sargent (County)",2020
"Flood","ND","Walsh (County)",2020
"Flood","ND","Logan (County)",2020
"Flood","ND","Pembina (County)",2020
"Flood","ND","Foster (County)",2020
"Severe Storm","MO","Howell (County)",2020
"Severe Storm","MO","Shannon (County)",2020
"Severe Storm","MO","Ripley (County)",2020
"Severe Storm","MO","Polk (County)",2020
"Severe Storm","MO","Wayne (County)",2020
"Severe Storm","MO","Bates (County)",2020
"Severe Storm","MO","Carter (County)",2020
"Severe Storm","MO","Oregon (County)",2020
"Severe Storm","MO","Stoddard (County)",2020
"Severe Storm","MO","Pemiscot (County)",2020
"Severe Storm","MO","Dallas (County)",2020
"Severe Storm","MO","Laclede (County)",2020
"Severe Storm","MO","Dunklin (County)",2020
"Severe Storm","MO","Hickory (County)",2020
"Severe Storm","MO","Butler (County)",2020
"Severe Storm","MO","New Madrid (County)",2020
"Severe Storm","MO","Douglas (County)",2020
"Severe Storm","MO","Wright (County)",2020
"Severe Storm","MO","Henry (County)",2020
"Severe Storm","AR","Dallas (County)",2020
"Severe Storm","AR","Cleveland (County)",2020
"Severe Storm","AR","Desha (County)",2020
"Severe Storm","AR","Monroe (County)",2020
"Severe Storm","AR","Bradley (County)",2020
"Severe Storm","AR","Arkansas (County)",2020
"Severe Storm","AR","Lincoln (County)",2020
"Severe Storm","AR","Ouachita (County)",2020
"Severe Storm","AR","Phillips (County)",2020
"Severe Storm","AR","Drew (County)",2020
"Severe Storm","AR","Jefferson (County)",2020
"Severe Storm","AR","Grant (County)",2020
"Severe Storm","AL","Chilton (County)",2020
"Severe Storm","AL","Tallapoosa (County)",2020
"Severe Storm","AL","Pike (County)",2020
"Severe Storm","AL","Covington (County)",2020
"Severe Storm","AL","Barbour (County)",2020
"Severe Storm","AL","Crenshaw (County)",2020
"Severe Storm","AL","Coosa (County)",2020
"Severe Storm","AL","Henry (County)",2020
"Severe Storm","AL","Coffee (County)",2020
"Severe Storm","AL","Dale (County)",2020
"Severe Thunderstorms","AL","Walker (County)",2020
"Severe Thunderstorms","AL","Etowah (County)",2020
"Severe Thunderstorms","AL","Marshall (County)",2020
"Severe Thunderstorms","AL","Blount (County)",2020
"Severe Thunderstorms","AL","DeKalb (County)",2020
"Severe Thunderstorms","AL","Jackson (County)",2020
"Severe Thunderstorms","AL","Cullman (County)",2020
"Fire","WA","Douglas (County)",2020
"Fire","UT","Washington (County)",2020
"Fire","NV","Washoe (County)",2020
"Hurricane","HI","Honolulu (County)",2020
"Hurricane","HI","Maui (County)",2020
"Hurricane","HI","Kauai (County)",2020
"Hurricane","HI","Hawaii (County)",2020
"Hurricane","TX","Cameron (County)",2020
"Hurricane","TX","Fort Bend (County)",2020
"Hurricane","TX","Jim Hogg (County)",2020
"Hurricane","TX","Bee (County)",2020
"Hurricane","TX","Brazoria (County)",2020
"Hurricane","TX","Calhoun (County)",2020
"Hurricane","TX","Hidalgo (County)",2020
"Hurricane","TX","Galveston (County)",2020
"Hurricane","TX","Jackson (County)",2020
"Hurricane","TX","Goliad (County)",2020
"Hurricane","TX","Bexar (County)",2020
"Hurricane","TX","Duval (County)",2020
"Hurricane","TX","Harris (County)",2020
"Hurricane","TX","Aransas (County)",2020
"Hurricane","TX","Kenedy (County)",2020
"Hurricane","TX","Dimmit (County)",2020
"Hurricane","TX","Brooks (County)",2020
"Hurricane","TX","Jim Wells (County)",2020
"Hurricane","TX","La Salle (County)",2020
"Hurricane","TX","Live Oak (County)",2020
"Hurricane","TX","Victoria (County)",2020
"Hurricane","TX","Matagorda (County)",2020
"Hurricane","TX","Refugio (County)",2020
"Hurricane","TX","Starr (County)",2020
"Hurricane","TX","Nueces (County)",2020
"Hurricane","TX","Webb (County)",2020
"Hurricane","TX","Zapata (County)",2020
"Hurricane","TX","San Patricio (County)",2020
"Hurricane","TX","Willacy (County)",2020
"Hurricane","TX","Wharton (County)",2020
"Hurricane","TX","McMullen (County)",2020
"Hurricane","TX","Kleberg (County)",2020
"Fire","WA","Okanogan (County)",2020
"Hurricane","VI","St. Croix (Island) (County-equivalent)",2020
"Hurricane","VI","St. John (Island) (County-equivalent)",2020
"Hurricane","VI","St. Thomas (Island) (County-equivalent)",2020
"Hurricane","PR","Arroyo (Municipio)",2020
"Hurricane","PR","Ceiba (Municipio)",2020
"Hurricane","PR","Cidra (Municipio)",2020
"Hurricane","PR","Coamo (Municipio)",2020
"Hurricane","PR","Culebra (Municipio)",2020
"Hurricane","PR","Aguas Buenas (Municipio)",2020
"Hurricane","PR","Dorado (Municipio)",2020
"Hurricane","PR","Aguadilla (Municipio)",2020
"Hurricane","PR","Anasco (Municipio)",2020
"Hurricane","PR","Cabo Rojo (Municipio)",2020
"Hurricane","PR","Catano (Municipio)",2020
"Hurricane","PR","Aibonito (Municipio)",2020
"Hurricane","PR","Barranquitas (Municipio)",2020
"Hurricane","PR","Caguas (Municipio)",2020
"Hurricane","PR","Cayey (Municipio)",2020
"Hurricane","PR","Comerio (Municipio)",2020
"Hurricane","PR","Adjuntas (Municipio)",2020
"Hurricane","PR","Bayamon (Municipio)",2020
"Hurricane","PR","Canovanas (Municipio)",2020
"Hurricane","PR","Carolina (Municipio)",2020
"Hurricane","PR","Ciales (Municipio)",2020
"Hurricane","PR","Camuy (Municipio)",2020
"Hurricane","PR","Corozal (Municipio)",2020
"Hurricane","PR","Aguada (Municipio)",2020
"Hurricane","PR","Arecibo (Municipio)",2020
"Hurricane","PR","Barceloneta (Municipio)",2020
"Hurricane","PR","Fajardo (Municipio)",2020
"Hurricane","PR","Guaynabo (Municipio)",2020
"Hurricane","PR","Humacao (Municipio)",2020
"Hurricane","PR","Juncos (Municipio)",2020
"Hurricane","PR","Guanica (Municipio)",2020
"Hurricane","PR","Hatillo (Municipio)",2020
"Hurricane","PR","Juana Diaz (Municipio)",2020
"Hurricane","PR","Gurabo (Municipio)",2020
"Hurricane","PR","Guayanilla (Municipio)",2020
"Hurricane","PR","Hormigueros (Municipio)",2020
"Hurricane","PR","Jayuya (Municipio)",2020
"Hurricane","PR","Isabela (Municipio)",2020
"Hurricane","PR","Guayama (Municipio)",2020
"Hurricane","PR","Florida (Municipio)",2020
"Hurricane","PR","Lajas (Municipio)",2020
"Hurricane","PR","Lares (Municipio)",2020
"Hurricane","PR","Las Piedras (Municipio)",2020
"Hurricane","PR","Orocovis (Municipio)",2020
"Hurricane","PR","Ponce (Municipio)",2020
"Hurricane","PR","Patillas (Municipio)",2020
"Hurricane","PR","Morovis (Municipio)",2020
"Hurricane","PR","Naguabo (Municipio)",2020
"Hurricane","PR","Moca (Municipio)",2020
"Hurricane","PR","Penuelas (Municipio)",2020
"Hurricane","PR","Salinas (Municipio)",2020
"Hurricane","PR","Las Marias (Municipio)",2020
"Hurricane","PR","Maunabo (Municipio)",2020
"Hurricane","PR","San Juan (Municipio)",2020
"Hurricane","PR","Loiza (Municipio)",2020
"Hurricane","PR","Naranjito (Municipio)",2020
"Hurricane","PR","Rincon (Municipio)",2020
"Hurricane","PR","Rio Grande (Municipio)",2020
"Hurricane","PR","Luquillo (Municipio)",2020
"Hurricane","PR","Maricao (Municipio)",2020
"Hurricane","PR","Quebradillas (Municipio)",2020
"Hurricane","PR","Mayaguez (Municipio)",2020
"Hurricane","PR","San German (Municipio)",2020
"Hurricane","PR","San Sebastian (Municipio)",2020
"Hurricane","PR","San Lorenzo (Municipio)",2020
"Hurricane","PR","Manati (Municipio)",2020
"Hurricane","PR","Sabana Grande (Municipio)",2020
"Hurricane","PR","Utuado (Municipio)",2020
"Hurricane","PR","Vega Alta (Municipio)",2020
"Hurricane","PR","Trujillo Alto (Municipio)",2020
"Hurricane","PR","Santa Isabel (Municipio)",2020
"Hurricane","PR","Vega Baja (Municipio)",2020
"Hurricane","PR","Vieques (Municipio)",2020
"Hurricane","PR","Toa Baja (Municipio)",2020
"Hurricane","PR","Yabucoa (Municipio)",2020
"Hurricane","PR","Villalba (Municipio)",2020
"Hurricane","PR","Toa Alta (Municipio)",2020
"Hurricane","PR","Yauco (Municipio)",2020
"Hurricane","FL","Brevard (County)",2020
"Hurricane","FL","Broward (County)",2020
"Hurricane","FL","Clay (County)",2020
"Hurricane","FL","Duval (County)",2020
"Hurricane","FL","Flagler (County)",2020
"Hurricane","FL","Indian River (County)",2020
"Hurricane","FL","Martin (County)",2020
"Hurricane","FL","Miami-Dade (County)",2020
"Hurricane","FL","Orange (County)",2020
"Hurricane","FL","St. Lucie (County)",2020
"Hurricane","FL","Palm Beach (County)",2020
"Hurricane","FL","Okeechobee (County)",2020
"Hurricane","FL","Nassau (County)",2020
"Hurricane","FL","Osceola (County)",2020
"Hurricane","FL","St. Johns (County)",2020
"Hurricane","FL","Putnam (County)",2020
"Hurricane","FL","Monroe (County)",2020
"Hurricane","FL","Volusia (County)",2020
"Hurricane","FL","Seminole (County)",2020
"Hurricane","NC","Eastern Band of Cherokee Indians of North Carolina",2020
"Hurricane","NC","Alamance (County)",2020
"Hurricane","NC","Alleghany (County)",2020
"Hurricane","NC","Alexander (County)",2020
"Hurricane","NC","Anson (County)",2020
"Hurricane","NC","Ashe (County)",2020
"Hurricane","NC","Avery (County)",2020
"Hurricane","NC","Beaufort (County)",2020
"Hurricane","NC","Bertie (County)",2020
"Hurricane","NC","Bladen (County)",2020
"Hurricane","NC","Burke (County)",2020
"Hurricane","NC","Brunswick (County)",2020
"Hurricane","NC","Buncombe (County)",2020
"Hurricane","NC","Caldwell (County)",2020
"Hurricane","NC","Camden (County)",2020
"Hurricane","NC","Cabarrus (County)",2020
"Hurricane","NC","Carteret (County)",2020
"Hurricane","NC","Catawba (County)",2020
"Hurricane","NC","Craven (County)",2020
"Hurricane","NC","Caswell (County)",2020
"Hurricane","NC","Clay (County)",2020
"Hurricane","NC","Cleveland (County)",2020
"Hurricane","NC","Columbus (County)",2020
"Hurricane","NC","Chowan (County)",2020
"Hurricane","NC","Cherokee (County)",2020
"Hurricane","NC","Chatham (County)",2020
"Hurricane","NC","Cumberland (County)",2020
"Hurricane","NC","Gaston (County)",2020
"Hurricane","NC","Currituck (County)",2020
"Hurricane","NC","Duplin (County)",2020
"Hurricane","NC","Gates (County)",2020
"Hurricane","NC","Dare (County)",2020
"Hurricane","NC","Davie (County)",2020
"Hurricane","NC","Durham (County)",2020
"Hurricane","NC","Forsyth (County)",2020
"Hurricane","NC","Franklin (County)",2020
"Hurricane","NC","Davidson (County)",2020
"Hurricane","NC","Edgecombe (County)",2020
"Hurricane","NC","Graham (County)",2020
"Hurricane","NC","Granville (County)",2020
"Hurricane","NC","Greene (County)",2020
"Hurricane","NC","Hyde (County)",2020
"Hurricane","NC","Lee (County)",2020
"Hurricane","NC","Mecklenburg (County)",2020
"Hurricane","NC","Johnston (County)",2020
"Hurricane","NC","Martin (County)",2020
"Hurricane","NC","Iredell (County)",2020
"Hurricane","NC","Henderson (County)",2020
"Hurricane","NC","Jones (County)",2020
"Hurricane","NC","Mitchell (County)",2020
"Hurricane","NC","Harnett (County)",2020
"Hurricane","NC","Haywood (County)",2020
"Hurricane","NC","Hoke (County)",2020
"Hurricane","NC","Jackson (County)",2020
"Hurricane","NC","Lincoln (County)",2020
"Hurricane","NC","Hertford (County)",2020
"Hurricane","NC","Lenoir (County)",2020
"Hurricane","NC","Madison (County)",2020
"Hurricane","NC","Guilford (County)",2020
"Hurricane","NC","McDowell (County)",2020
"Hurricane","NC","Halifax (County)",2020
"Hurricane","NC","Pamlico (County)",2020
"Hurricane","NC","Onslow (County)",2020
"Hurricane","NC","Person (County)",2020
"Hurricane","NC","Polk (County)",2020
"Hurricane","NC","Perquimans (County)",2020
"Hurricane","NC","Orange (County)",2020
"Hurricane","NC","Northampton (County)",2020
"Hurricane","NC","Montgomery (County)",2020
"Hurricane","NC","Nash (County)",2020
"Hurricane","NC","Macon (County)",2020
"Hurricane","NC","Moore (County)",2020
"Hurricane","NC","Pasquotank (County)",2020
"Hurricane","NC","Pitt (County)",2020
"Hurricane","NC","Randolph (County)",2020
"Hurricane","NC","New Hanover (County)",2020
"Hurricane","NC","Richmond (County)",2020
"Hurricane","NC","Rockingham (County)",2020
"Hurricane","NC","Robeson (County)",2020
"Hurricane","NC","Rutherford (County)",2020
"Hurricane","NC","Pender (County)",2020
"Hurricane","NC","Rowan (County)",2020
"Hurricane","NC","Stanly (County)",2020
"Hurricane","NC","Scotland (County)",2020
"Hurricane","NC","Transylvania (County)",2020
"Hurricane","NC","Tyrrell (County)",2020
"Hurricane","NC","Sampson (County)",2020
"Hurricane","NC","Swain (County)",2020
"Hurricane","NC","Stokes (County)",2020
"Hurricane","NC","Surry (County)",2020
"Hurricane","NC","Union (County)",2020
"Hurricane","NC","Yancey (County)",2020
"Hurricane","NC","Wilson (County)",2020
"Hurricane","NC","Warren (County)",2020
"Hurricane","NC","Watauga (County)",2020
"Hurricane","NC","Wayne (County)",2020
"Hurricane","NC","Yadkin (County)",2020
"Hurricane","NC","Vance (County)",2020
"Hurricane","NC","Wilkes (County)",2020
"Hurricane","NC","Washington (County)",2020
"Hurricane","NC","Wake (County)",2020
"Fire","MT","Stillwater (County)",2020
"Fire","MT","Yellowstone (County)",2020
"Fire","CA","San Bernardino (County)",2020
"Fire","CA","Morongo Indian Reservation",2020
"Fire","CA","Riverside (County)",2020
"Fire","NV","Washoe (County)",2020
"Hurricane","CT","Mashantucket Pequot Indian Reservation",2020
"Hurricane","CT","Fairfield (County)(in PMSA 1160,1930,5760,8040)",2020
"Hurricane","CT","Middlesex (County)(in (P)MSA 3280,5020,5480)",2020
"Hurricane","CT","New London (County)(in (P)MSA 3280,5520)",2020
"Hurricane","CT","Mohegan Trust Lands",2020
"Hurricane","CT","New Haven (County)(in (P)MSA 1160,5480,8880)",2020
"Hurricane","CT","Windham (County)",2020
"Hurricane","CT","Tolland (County)",2020
"Hurricane","CT","Hartford (County)(in PMSA 1170,3280,5440)",2020
"Hurricane","CT","Litchfield (County)(in (P)MSA 1170,1930,3280,8880)",2020
"Fire","OR","Wasco (County)",2020
"Fire","NV","Washoe (County)",2020
"Fire","CA","Monterey (County)",2020
"Severe Storm","IA","Grundy (County)",2020
"Severe Storm","IA","Cedar (County)",2020
"Severe Storm","IA","Clinton (County)",2020
"Severe Storm","IA","Linn (County)",2020
"Severe Storm","IA","Scott (County)",2020
"Severe Storm","IA","Muscatine (County)",2020
"Severe Storm","IA","Washington (County)",2020
"Severe Storm","IA","Jackson (County)",2020
"Severe Storm","IA","Jones (County)",2020
"Severe Storm","IA","Greene (County)",2020
"Severe Storm","IA","Marshall (County)",2020
"Severe Storm","IA","Tama (County)",2020
"Severe Storm","IA","Polk (County)",2020
"Severe Storm","IA","Hardin (County)",2020
"Severe Storm","IA","Johnson (County)",2020
"Severe Storm","IA","Poweshiek (County)",2020
"Severe Storm","IA","Guthrie (County)",2020
"Severe Storm","IA","Iowa (County)",2020
"Severe Storm","IA","Jasper (County)",2020
"Severe Storm","IA","Benton (County)",2020
"Severe Storm","IA","Dallas (County)",2020
"Severe Storm","IA","Boone (County)",2020
"Severe Storm","IA","Story (County)",2020
"Fire","WA","Yakima (County)",2020
"Fire","WA","Yakama Reservation",2020
"Fire","CA","Napa (County)",2020
"Fire","CA","Solano (County)",2020
"Fire","CA","Sonoma (County)",2020
"Fire","CA","Lake (County)",2020
"Fire","CA","Yolo (County)",2020
"Fire","CA","Nevada (County)",2020
"Fire","CA","Monterey (County)",2020
"Fire","CO","Eagle (County)",2020
"Fire","CO","Garfield (County)",2020
"Fire","CO","Mesa (County)",2020
"Fire","CO","Garfield (County)",2020
"Fire","CA","San Mateo (County)",2020
"Fire","CA","Santa Cruz (County)",2020
"Fire","WA","Okanogan (County)",2020
"Fire","CA","Santa Clara (County)",2020
"Fire","CA","Stanislaus (County)",2020
"Fire","CA","Sonoma (County)",2020
"Fire","CA","Nevada (County)",2020
"Fire","CA","Yuba (County)",2020
"Fire","CA","Santa Cruz (County)",2020
"Fire","CA","Napa (County)",2020
"Fire","CA","Trinity (County)",2020
"Fire","CA","Yolo (County)",2020
"Fire","CA","Sierra (County)",2020
"Fire","CA","Lake (County)",2020
"Fire","CA","Tulare (County)",2020
"Fire","CA","Santa Clara (County)",2020
"Fire","CA","Monterey (County)",2020
"Fire","CA","Plumas (County)",2020
"Fire","CA","Tuolumne (County)",2020
"Fire","CA","Mendocino (County)",2020
"Fire","CA","Stanislaus (County)",2020
"Fire","CA","Solano (County)",2020
"Fire","CA","San Mateo (County)",2020
"Fire","CA","Lassen (County)",2020
"Fire","CA","Butte (County)",2020
"Hurricane","PR","Aguada (Municipio)",2020
"Hurricane","PR","Guayama (Municipio)",2020
"Hurricane","PR","Anasco (Municipio)",2020
"Hurricane","PR","Guanica (Municipio)",2020
"Hurricane","PR","Aibonito (Municipio)",2020
"Hurricane","PR","Cabo Rojo (Municipio)",2020
"Hurricane","PR","Guayanilla (Municipio)",2020
"Hurricane","PR","Barceloneta (Municipio)",2020
"Hurricane","PR","Arroyo (Municipio)",2020
"Hurricane","PR","Canovanas (Municipio)",2020
"Hurricane","PR","Hatillo (Municipio)",2020
"Hurricane","PR","Cayey (Municipio)",2020
"Hurricane","PR","Dorado (Municipio)",2020
"Hurricane","PR","Gurabo (Municipio)",2020
"Hurricane","PR","Barranquitas (Municipio)",2020
"Hurricane","PR","Camuy (Municipio)",2020
"Hurricane","PR","Corozal (Municipio)",2020
"Hurricane","PR","Florida (Municipio)",2020
"Hurricane","PR","Aguas Buenas (Municipio)",2020
"Hurricane","PR","Bayamon (Municipio)",2020
"Hurricane","PR","Carolina (Municipio)",2020
"Hurricane","PR","Catano (Municipio)",2020
"Hurricane","PR","Ciales (Municipio)",2020
"Hurricane","PR","Comerio (Municipio)",2020
"Hurricane","PR","Culebra (Municipio)",2020
"Hurricane","PR","Aguadilla (Municipio)",2020
"Hurricane","PR","Caguas (Municipio)",2020
"Hurricane","PR","Guaynabo (Municipio)",2020
"Hurricane","PR","Adjuntas (Municipio)",2020
"Hurricane","PR","Arecibo (Municipio)",2020
"Hurricane","PR","Cidra (Municipio)",2020
"Hurricane","PR","Coamo (Municipio)",2020
"Hurricane","PR","Ceiba (Municipio)",2020
"Hurricane","PR","Fajardo (Municipio)",2020
"Hurricane","PR","Jayuya (Municipio)",2020
"Hurricane","PR","Juana Diaz (Municipio)",2020
"Hurricane","PR","Hormigueros (Municipio)",2020
"Hurricane","PR","Humacao (Municipio)",2020
"Hurricane","PR","Isabela (Municipio)",2020
"Hurricane","PR","Lajas (Municipio)",2020
"Hurricane","PR","Lares (Municipio)",2020
"Hurricane","PR","Juncos (Municipio)",2020
"Hurricane","PR","Luquillo (Municipio)",2020
"Hurricane","PR","Maricao (Municipio)",2020
"Hurricane","PR","Maunabo (Municipio)",2020
"Hurricane","PR","Morovis (Municipio)",2020
"Hurricane","PR","Mayaguez (Municipio)",2020
"Hurricane","PR","Las Piedras (Municipio)",2020
"Hurricane","PR","Naguabo (Municipio)",2020
"Hurricane","PR","Manati (Municipio)",2020
"Hurricane","PR","Las Marias (Municipio)",2020
"Hurricane","PR","Loiza (Municipio)",2020
"Hurricane","PR","Moca (Municipio)",2020
"Hurricane","PR","Orocovis (Municipio)",2020
"Hurricane","PR","Naranjito (Municipio)",2020
"Hurricane","PR","Rincon (Municipio)",2020
"Hurricane","PR","Ponce (Municipio)",2020
"Hurricane","PR","Salinas (Municipio)",2020
"Hurricane","PR","Patillas (Municipio)",2020
"Hurricane","PR","Rio Grande (Municipio)",2020
"Hurricane","PR","Quebradillas (Municipio)",2020
"Hurricane","PR","Penuelas (Municipio)",2020
"Hurricane","PR","Sabana Grande (Municipio)",2020
"Hurricane","PR","San German (Municipio)",2020
"Hurricane","PR","San Juan (Municipio)",2020
"Hurricane","PR","San Sebastian (Municipio)",2020
"Hurricane","PR","Santa Isabel (Municipio)",2020
"Hurricane","PR","San Lorenzo (Municipio)",2020
"Hurricane","PR","Toa Baja (Municipio)",2020
"Hurricane","PR","Toa Alta (Municipio)",2020
"Hurricane","PR","Utuado (Municipio)",2020
"Hurricane","PR","Villalba (Municipio)",2020
"Hurricane","PR","Vega Baja (Municipio)",2020
"Hurricane","PR","Trujillo Alto (Municipio)",2020
"Hurricane","PR","Vieques (Municipio)",2020
"Hurricane","PR","Yauco (Municipio)",2020
"Hurricane","PR","Yabucoa (Municipio)",2020
"Hurricane","PR","Vega Alta (Municipio)",2020
"Fire","CA","Lassen (County)",2020
"Severe Storm","LA","Allen (Parish)",2020
"Severe Storm","LA","Acadia (Parish)",2020
"Severe Storm","LA","Ascension (Parish)",2020
"Severe Storm","LA","Avoyelles (Parish)",2020
"Severe Storm","LA","Beauregard (Parish)",2020
"Severe Storm","LA","Calcasieu (Parish)",2020
"Severe Storm","LA","Cameron (Parish)",2020
"Severe Storm","LA","East Baton Rouge (Parish)",2020
"Severe Storm","LA","East Carroll (Parish)",2020
"Severe Storm","LA","Bossier (Parish)",2020
"Severe Storm","LA","Caddo (Parish)",2020
"Severe Storm","LA","Assumption (Parish)",2020
"Severe Storm","LA","Catahoula (Parish)",2020
"Severe Storm","LA","De Soto (Parish)",2020
"Severe Storm","LA","East Feliciana (Parish)",2020
"Severe Storm","LA","Bienville (Parish)",2020
"Severe Storm","LA","Caldwell (Parish)",2020
"Severe Storm","LA","Claiborne (Parish)",2020
"Severe Storm","LA","Concordia (Parish)",2020
"Severe Storm","LA","Evangeline (Parish)",2020
"Severe Storm","LA","Grant (Parish)",2020
"Severe Storm","LA","La Salle (Parish)",2020
"Severe Storm","LA","Iberville (Parish)",2020
"Severe Storm","LA","Jackson (Parish)",2020
"Severe Storm","LA","Jefferson (Parish)",2020
"Severe Storm","LA","Iberia (Parish)",2020
"Severe Storm","LA","Jefferson Davis (Parish)",2020
"Severe Storm","LA","Lafayette (Parish)",2020
"Severe Storm","LA","Lafourche (Parish)",2020
"Severe Storm","LA","Franklin (Parish)",2020
"Severe Storm","LA","Lincoln (Parish)",2020
"Severe Storm","LA","Natchitoches (Parish)",2020
"Severe Storm","LA","Orleans (Parish)",2020
"Severe Storm","LA","Plaquemines (Parish)",2020
"Severe Storm","LA","St. Helena (Parish)",2020
"Severe Storm","LA","St. Martin (Parish)",2020
"Severe Storm","LA","St. Tammany (Parish)",2020
"Severe Storm","LA","Vernon (Parish)",2020
"Severe Storm","LA","Pointe Coupee (Parish)",2020
"Severe Storm","LA","Rapides (Parish)",2020
"Severe Storm","LA","St. John the Baptist (Parish)",2020
"Severe Storm","LA","Sabine (Parish)",2020
"Severe Storm","LA","Webster (Parish)",2020
"Severe Storm","LA","Livingston (Parish)",2020
"Severe Storm","LA","St. James (Parish)",2020
"Severe Storm","LA","Vermilion (Parish)",2020
"Severe Storm","LA","Red River (Parish)",2020
"Severe Storm","LA","St. Charles (Parish)",2020
"Severe Storm","LA","Tangipahoa (Parish)",2020
"Severe Storm","LA","West Feliciana (Parish)",2020
"Severe Storm","LA","Morehouse (Parish)",2020
"Severe Storm","LA","St. Bernard (Parish)",2020
"Severe Storm","LA","St. Mary (Parish)",2020
"Severe Storm","LA","Madison (Parish)",2020
"Severe Storm","LA","Richland (Parish)",2020
"Severe Storm","LA","Tensas (Parish)",2020
"Severe Storm","LA","Union (Parish)",2020
"Severe Storm","LA","Ouachita (Parish)",2020
"Severe Storm","LA","St. Landry (Parish)",2020
"Severe Storm","LA","West Baton Rouge (Parish)",2020
"Severe Storm","LA","Terrebonne (Parish)",2020
"Severe Storm","LA","Washington (Parish)",2020
"Severe Storm","LA","Winn (Parish)",2020
"Severe Storm","LA","West Carroll (Parish)",2020
"Hurricane","MS","Adams (County)",2020
"Hurricane","MS","Amite (County)",2020
"Hurricane","MS","Franklin (County)",2020
"Hurricane","MS","Lamar (County)",2020
"Hurricane","MS","Harrison (County)",2020
"Hurricane","MS","Jefferson Davis (County)",2020
"Hurricane","MS","Jackson (County)",2020
"Hurricane","MS","Lawrence (County)",2020
"Hurricane","MS","Wayne (County)",2020
"Hurricane","MS","Hancock (County)",2020
"Hurricane","MS","Pike (County)",2020
"Hurricane","MS","Stone (County)",2020
"Hurricane","MS","Marion (County)",2020
"Hurricane","MS","Walthall (County)",2020
"Hurricane","MS","Pearl River (County)",2020
"Hurricane","MS","Forrest (County)",2020
"Hurricane","MS","Greene (County)",2020
"Hurricane","MS","Perry (County)",2020
"Hurricane","MS","George (County)",2020
"Hurricane","MS","Covington (County)",2020
"Hurricane","MS","Wilkinson (County)",2020
"Hurricane","MS","Jefferson (County)",2020
"Hurricane","MS","Jones (County)",2020
"Hurricane","MS","Lincoln (County)",2020
"Severe Storm","TX","Aransas (County)",2020
"Severe Storm","TX","Grimes (County)",2020
"Severe Storm","TX","Harrison (County)",2020
"Severe Storm","TX","Leon (County)",2020
"Severe Storm","TX","Galveston (County)",2020
"Severe Storm","TX","Jackson (County)",2020
"Severe Storm","TX","Camp (County)",2020
"Severe Storm","TX","Cass (County)",2020
"Severe Storm","TX","Ellis (County)",2020
"Severe Storm","TX","Houston (County)",2020
"Severe Storm","TX","Dallas (County)",2020
"Severe Storm","TX","Fort Bend (County)",2020
"Severe Storm","TX","Jefferson (County)",2020
"Severe Storm","TX","Marion (County)",2020
"Severe Storm","TX","Chambers (County)",2020
"Severe Storm","TX","Cherokee (County)",2020
"Severe Storm","TX","Franklin (County)",2020
"Severe Storm","TX","Hardin (County)",2020
"Severe Storm","TX","Anderson (County)",2020
"Severe Storm","TX","Bowie (County)",2020
"Severe Storm","TX","Cameron (County)",2020
"Severe Storm","TX","Gregg (County)",2020
"Severe Storm","TX","Jasper (County)",2020
"Severe Storm","TX","Kenedy (County)",2020
"Severe Storm","TX","Liberty (County)",2020
"Severe Storm","TX","Angelina (County)",2020
"Severe Storm","TX","Bexar (County)",2020
"Severe Storm","TX","Brazoria (County)",2020
"Severe Storm","TX","Harris (County)",2020
"Severe Storm","TX","Calhoun (County)",2020
"Severe Storm","TX","Montgomery (County)",2020
"Severe Storm","TX","Orange (County)",2020
"Severe Storm","TX","Red River (County)",2020
"Severe Storm","TX","Newton (County)",2020
"Severe Storm","TX","Rusk (County)",2020
"Severe Storm","TX","San Patricio (County)",2020
"Severe Storm","TX","Shelby (County)",2020
"Severe Storm","TX","Morris (County)",2020
"Severe Storm","TX","Panola (County)",2020
"Severe Storm","TX","Smith (County)",2020
"Severe Storm","TX","Sabine (County)",2020
"Severe Storm","TX","Madison (County)",2020
"Severe Storm","TX","Nueces (County)",2020
"Severe Storm","TX","Kleberg (County)",2020
"Severe Storm","TX","Nacogdoches (County)",2020
"Severe Storm","TX","Polk (County)",2020
"Severe Storm","TX","Refugio (County)",2020
"Severe Storm","TX","Matagorda (County)",2020
"Severe Storm","TX","San Jacinto (County)",2020
"Severe Storm","TX","Travis (County)",2020
"Severe Storm","TX","Willacy (County)",2020
"Severe Storm","TX","San Augustine (County)",2020
"Severe Storm","TX","Wharton (County)",2020
"Severe Storm","TX","Trinity (County)",2020
"Severe Storm","TX","Wood (County)",2020
"Severe Storm","TX","Victoria (County)",2020
"Severe Storm","TX","Upshur (County)",2020
"Severe Storm","TX","Walker (County)",2020
"Severe Storm","TX","Waller (County)",2020
"Severe Storm","TX","Titus (County)",2020
"Severe Storm","TX","Tyler (County)",2020
"Severe Storm","TX","Tarrant (County)",2020
"Fire","AZ","Gila (County)",2020
"Fire","AZ","San Carlos Indian Reservation",2020
"Hurricane","AR","Chicot (County)",2020
"Hurricane","AR","Arkansas (County)",2020
"Hurricane","AR","Clay (County)",2020
"Hurricane","AR","Jefferson (County)",2020
"Hurricane","AR","Cross (County)",2020
"Hurricane","AR","Craighead (County)",2020
"Hurricane","AR","Benton (County)",2020
"Hurricane","AR","Crittenden (County)",2020
"Hurricane","AR","Calhoun (County)",2020
"Hurricane","AR","Ashley (County)",2020
"Hurricane","AR","Baxter (County)",2020
"Hurricane","AR","Grant (County)",2020
"Hurricane","AR","Crawford (County)",2020
"Hurricane","AR","Independence (County)",2020
"Hurricane","AR","Izard (County)",2020
"Hurricane","AR","Desha (County)",2020
"Hurricane","AR","Conway (County)",2020
"Hurricane","AR","Franklin (County)",2020
"Hurricane","AR","Boone (County)",2020
"Hurricane","AR","Garland (County)",2020
"Hurricane","AR","Clark (County)",2020
"Hurricane","AR","Cleburne (County)",2020
"Hurricane","AR","Bradley (County)",2020
"Hurricane","AR","Carroll (County)",2020
"Hurricane","AR","Drew (County)",2020
"Hurricane","AR","Columbia (County)",2020
"Hurricane","AR","Faulkner (County)",2020
"Hurricane","AR","Dallas (County)",2020
"Hurricane","AR","Fulton (County)",2020
"Hurricane","AR","Howard (County)",2020
"Hurricane","AR","Cleveland (County)",2020
"Hurricane","AR","Hot Spring (County)",2020
"Hurricane","AR","Greene (County)",2020
"Hurricane","AR","Hempstead (County)",2020
"Hurricane","AR","Lee (County)",2020
"Hurricane","AR","Scott (County)",2020
"Hurricane","AR","Sebastian (County)",2020
"Hurricane","AR","Washington (County)",2020
"Hurricane","AR","Lincoln (County)",2020
"Hurricane","AR","Lafayette (County)",2020
"Hurricane","AR","Madison (County)",2020
"Hurricane","AR","Poinsett (County)",2020
"Hurricane","AR","St. Francis (County)",2020
"Hurricane","AR","Miller (County)",2020
"Hurricane","AR","Van Buren (County)",2020
"Hurricane","AR","Montgomery (County)",2020
"Hurricane","AR","White (County)",2020
"Hurricane","AR","Nevada (County)",2020
"Hurricane","AR","Randolph (County)",2020
"Hurricane","AR","Union (County)",2020
"Hurricane","AR","Ouachita (County)",2020
"Hurricane","AR","Saline (County)",2020
"Hurricane","AR","Stone (County)",2020
"Hurricane","AR","Woodruff (County)",2020
"Hurricane","AR","Lonoke (County)",2020
"Hurricane","AR","Perry (County)",2020
"Hurricane","AR","Pulaski (County)",2020
"Hurricane","AR","Sharp (County)",2020
"Hurricane","AR","Newton (County)",2020
"Hurricane","AR","Polk (County)",2020
"Hurricane","AR","Little River (County)",2020
"Hurricane","AR","Jackson (County)",2020
"Hurricane","AR","Monroe (County)",2020
"Hurricane","AR","Phillips (County)",2020
"Hurricane","AR","Searcy (County)",2020
"Hurricane","AR","Johnson (County)",2020
"Hurricane","AR","Lawrence (County)",2020
"Hurricane","AR","Pope (County)",2020
"Hurricane","AR","Mississippi (County)",2020
"Hurricane","AR","Pike (County)",2020
"Hurricane","AR","Prairie (County)",2020
"Hurricane","AR","Logan (County)",2020
"Hurricane","AR","Sevier (County)",2020
"Hurricane","AR","Yell (County)",2020
"Hurricane","AR","Marion (County)",2020
"Fire","OR","Wasco (County)",2020
"Hurricane","LA","De Soto (Parish)",2020
"Hurricane","LA","Avoyelles (Parish)",2020
"Hurricane","LA","Caldwell (Parish)",2020
"Hurricane","LA","Assumption (Parish)",2020
"Hurricane","LA","East Carroll (Parish)",2020
"Hurricane","LA","Bossier (Parish)",2020
"Hurricane","LA","Ascension (Parish)",2020
"Hurricane","LA","Jefferson (Parish)",2020
"Hurricane","LA","Claiborne (Parish)",2020
"Hurricane","LA","Bienville (Parish)",2020
"Hurricane","LA","Concordia (Parish)",2020
"Hurricane","LA","Franklin (Parish)",2020
"Hurricane","LA","East Feliciana (Parish)",2020
"Hurricane","LA","Catahoula (Parish)",2020
"Hurricane","LA","Iberia (Parish)",2020
"Hurricane","LA","East Baton Rouge (Parish)",2020
"Hurricane","LA","Lafourche (Parish)",2020
"Hurricane","LA","Washington (Parish)",2020
"Hurricane","LA","West Baton Rouge (Parish)",2020
"Hurricane","LA","Acadia (Parish)",2020
"Hurricane","LA","Jackson (Parish)",2020
"Hurricane","LA","Morehouse (Parish)",2020
"Hurricane","LA","Lafayette (Parish)",2020
"Hurricane","LA","St. Mary (Parish)",2020
"Hurricane","LA","West Carroll (Parish)",2020
"Hurricane","LA","Beauregard (Parish)",2020
"Hurricane","LA","Calcasieu (Parish)",2020
"Hurricane","LA","Vermilion (Parish)",2020
"Hurricane","LA","St. John the Baptist (Parish)",2020
"Hurricane","LA","St. Landry (Parish)",2020
"Hurricane","LA","Plaquemines (Parish)",2020
"Hurricane","LA","St. Charles (Parish)",2020
"Hurricane","LA","La Salle (Parish)",2020
"Hurricane","LA","Iberville (Parish)",2020
"Hurricane","LA","Orleans (Parish)",2020
"Hurricane","LA","St. James (Parish)",2020
"Hurricane","LA","St. Martin (Parish)",2020
"Hurricane","LA","St. Tammany (Parish)",2020
"Hurricane","LA","Jefferson Davis (Parish)",2020
"Hurricane","LA","Terrebonne (Parish)",2020
"Hurricane","LA","Cameron (Parish)",2020
"Hurricane","LA","West Feliciana (Parish)",2020
"Hurricane","LA","Lincoln (Parish)",2020
"Hurricane","LA","Ouachita (Parish)",2020
"Hurricane","LA","Evangeline (Parish)",2020
"Hurricane","LA","Red River (Parish)",2020
"Hurricane","LA","Webster (Parish)",2020
"Hurricane","LA","Winn (Parish)",2020
"Hurricane","LA","Rapides (Parish)",2020
"Hurricane","LA","Allen (Parish)",2020
"Hurricane","LA","Caddo (Parish)",2020
"Hurricane","LA","Natchitoches (Parish)",2020
"Hurricane","LA","Union (Parish)",2020
"Hurricane","LA","Madison (Parish)",2020
"Hurricane","LA","Vernon (Parish)",2020
"Hurricane","LA","Richland (Parish)",2020
"Hurricane","LA","Tensas (Parish)",2020
"Hurricane","LA","Grant (Parish)",2020
"Hurricane","LA","Pointe Coupee (Parish)",2020
"Hurricane","LA","St. Bernard (Parish)",2020
"Hurricane","LA","Sabine (Parish)",2020
"Hurricane","LA","Livingston (Parish)",2020
"Hurricane","LA","St. Helena (Parish)",2020
"Hurricane","LA","Tangipahoa (Parish)",2020
"Fire","WA","Yakima (County)",2020
"Fire","MT","Garfield (County)",2020
"Fire","MT","Yellowstone (County)",2020
"Fire","MT","Musselshell (County)",2020
"Fire","MT","Rosebud (County)",2020
"Fire","MT","Powder River (County)",2020
"Fire","MT","Custer (County)",2020
"Fire","MT","Gallatin (County)",2020
"Fire","WY","Carbon (County)",2020
"Fire","CA","Madera (County)",2020
"Fire","CA","Fresno (County)",2020
"Fire","CO","Larimer (County)",2020
"Fire","CA","San Bernardino (County)",2020
"Fire","WA","Douglas (County)",2020
"Fire","WA","Okanogan (County)",2020
"Fire","WA","Colville Indian Reservation",2020
"Fire","WA","Chelan (County)",2020
"Fire","UT","Utah (County)",2020
"Fire","OR","Klamath (County)",2020
"Fire","WA","Spokane (County)",2020
"Fire","WA","Whitman (County)",2020
"Fire","OR","Warm Springs Indian Reservation",2020
"Fire","OR","Marion (County)",2020
"Fire","OR","Clackamas (County)",2020
"Fire","OR","Jefferson (County)",2020
"Fire","OR","Linn (County)",2020
"Fire","OR","Lane (County)",2020
"Fire","OR","Washington (County)",2020
"Fire","WA","Pierce (County)",2020
"Fire","WA","Thurston (County)",2020
"Fire","CA","Siskiyou (County)",2020
"Fire","OR","Lincoln (County)",2020
"Fire","CA","Butte (County)",2020
"Fire","CA","Plumas (County)",2020
"Fire","CA","Yuba (County)",2020
"Hurricane","PR","Hormigueros (Municipio)",2020
"Hurricane","PR","Mayaguez (Municipio)",2020
"Hurricane","PR","Rincon (Municipio)",2020
"Hurricane","PR","Aguada (Municipio)",2020
"Fire","OR","Jackson (County)",2020
"Fire","OR","Douglas (County)",2020
"Fire","OR","Clackamas (County)",2020
"Fire","OR","Jackson (County)",2020
"Fire","OR","Tillamook (County)",2020
"Fire","OR","Josephine (County)",2020
"Fire","OR","Clackamas (County)",2020
"Severe Storm","IA","Sac and Fox Tribe of the Mississippi in Iowa",2020
"Fire","OR","Washington (County)",2020
"Fire","OR","Yamhill (County)",2020
"Fire","OR","Tillamook (County)",2020
"Fire","OR","Jackson (County)",2020
"Fire","OR","Clackamas (County)",2020
"Fire","OR","Marion (County)",2020
"Fire","OR","Linn (County)",2020
"Fire","OR","Klamath (County)",2020
"Fire","OR","Jefferson (County)",2020
"Fire","OR","Washington (County)",2020
"Fire","OR","Douglas (County)",2020
"Fire","OR","Lincoln (County)",2020
"Fire","OR","Lane (County)",2020
"Fire","OR","Lake (County)",2020
"Fire","CA","Tulare (County)",2020
"Fire","CA","Los Angeles (County)",2020
"Hurricane","LA","Bienville (Parish)",2020
"Hurricane","LA","Avoyelles (Parish)",2020
"Hurricane","LA","Beauregard (Parish)",2020
"Hurricane","LA","Ascension (Parish)",2020
"Hurricane","LA","Allen (Parish)",2020
"Hurricane","LA","Caddo (Parish)",2020
"Hurricane","LA","Acadia (Parish)",2020
"Hurricane","LA","Bossier (Parish)",2020
"Hurricane","LA","Assumption (Parish)",2020
"Hurricane","LA","Cameron (Parish)",2020
"Hurricane","LA","East Feliciana (Parish)",2020
"Hurricane","LA","East Carroll (Parish)",2020
"Hurricane","LA","Iberville (Parish)",2020
"Hurricane","LA","Claiborne (Parish)",2020
"Hurricane","LA","East Baton Rouge (Parish)",2020
"Hurricane","LA","Evangeline (Parish)",2020
"Hurricane","LA","Grant (Parish)",2020
"Hurricane","LA","Catahoula (Parish)",2020
"Hurricane","LA","Franklin (Parish)",2020
"Hurricane","LA","Jefferson Davis (Parish)",2020
"Hurricane","LA","Jackson (Parish)",2020
"Hurricane","LA","Concordia (Parish)",2020
"Hurricane","LA","Caldwell (Parish)",2020
"Hurricane","LA","Calcasieu (Parish)",2020
"Hurricane","LA","De Soto (Parish)",2020
"Hurricane","LA","Iberia (Parish)",2020
"Hurricane","LA","Lafayette (Parish)",2020
"Hurricane","LA","Orleans (Parish)",2020
"Hurricane","LA","Lincoln (Parish)",2020
"Hurricane","LA","Morehouse (Parish)",2020
"Hurricane","LA","Livingston (Parish)",2020
"Hurricane","LA","Madison (Parish)",2020
"Hurricane","LA","Ouachita (Parish)",2020
"Hurricane","LA","Lafourche (Parish)",2020
"Hurricane","LA","Jefferson (Parish)",2020
"Hurricane","LA","Plaquemines (Parish)",2020
"Hurricane","LA","La Salle (Parish)",2020
"Hurricane","LA","Natchitoches (Parish)",2020
"Hurricane","LA","Rapides (Parish)",2020
"Hurricane","LA","St. Charles (Parish)",2020
"Hurricane","LA","Red River (Parish)",2020
"Hurricane","LA","Sabine (Parish)",2020
"Hurricane","LA","Pointe Coupee (Parish)",2020
"Hurricane","LA","St. Helena (Parish)",2020
"Hurricane","LA","St. Bernard (Parish)",2020
"Hurricane","LA","St. James (Parish)",2020
"Hurricane","LA","St. John the Baptist (Parish)",2020
"Hurricane","LA","St. Landry (Parish)",2020
"Hurricane","LA","Tangipahoa (Parish)",2020
"Hurricane","LA","St. Mary (Parish)",2020
"Hurricane","LA","St. Martin (Parish)",2020
"Hurricane","LA","St. Tammany (Parish)",2020
"Hurricane","LA","Richland (Parish)",2020
"Hurricane","LA","Union (Parish)",2020
"Hurricane","LA","Terrebonne (Parish)",2020
"Hurricane","LA","Tensas (Parish)",2020
"Hurricane","LA","Vernon (Parish)",2020
"Hurricane","LA","Webster (Parish)",2020
"Hurricane","LA","Vermilion (Parish)",2020
"Hurricane","LA","Washington (Parish)",2020
"Hurricane","LA","West Baton Rouge (Parish)",2020
"Hurricane","LA","West Carroll (Parish)",2020
"Hurricane","LA","Winn (Parish)",2020
"Hurricane","LA","West Feliciana (Parish)",2020
"Hurricane","MS","Amite (County)",2020
"Hurricane","MS","Adams (County)",2020
"Hurricane","MS","Covington (County)",2020
"Hurricane","MS","Forrest (County)",2020
"Hurricane","MS","George (County)",2020
"Hurricane","MS","Hancock (County)",2020
"Hurricane","MS","Jefferson (County)",2020
"Hurricane","MS","Greene (County)",2020
"Hurricane","MS","Jefferson Davis (County)",2020
"Hurricane","MS","Jackson (County)",2020
"Hurricane","MS","Franklin (County)",2020
"Hurricane","MS","Jones (County)",2020
"Hurricane","MS","Harrison (County)",2020
"Hurricane","MS","Lamar (County)",2020
"Hurricane","MS","Lawrence (County)",2020
"Hurricane","MS","Marion (County)",2020
"Hurricane","MS","Lincoln (County)",2020
"Hurricane","MS","Pearl River (County)",2020
"Hurricane","MS","Stone (County)",2020
"Hurricane","MS","Pike (County)",2020
"Hurricane","MS","Perry (County)",2020
"Hurricane","MS","Walthall (County)",2020
"Hurricane","MS","Wilkinson (County)",2020
"Hurricane","MS","Wayne (County)",2020
"Hurricane","AL","Poarch Band of Creek Indians",2020
"Hurricane","AL","Autauga (County)",2020
"Hurricane","AL","Baldwin (County)",2020
"Hurricane","AL","Barbour (County)",2020
"Hurricane","AL","Coosa (County)",2020
"Hurricane","AL","Crenshaw (County)",2020
"Hurricane","AL","Calhoun (County)",2020
"Hurricane","AL","Coffee (County)",2020
"Hurricane","AL","Bibb (County)",2020
"Hurricane","AL","Clay (County)",2020
"Hurricane","AL","Clarke (County)",2020
"Hurricane","AL","Blount (County)",2020
"Hurricane","AL","Chambers (County)",2020
"Hurricane","AL","Choctaw (County)",2020
"Hurricane","AL","Cleburne (County)",2020
"Hurricane","AL","Conecuh (County)",2020
"Hurricane","AL","Chilton (County)",2020
"Hurricane","AL","Bullock (County)",2020
"Hurricane","AL","Butler (County)",2020
"Hurricane","AL","Cherokee (County)",2020
"Hurricane","AL","Colbert (County)",2020
"Hurricane","AL","Covington (County)",2020
"Hurricane","AL","Cullman (County)",2020
"Hurricane","AL","Dale (County)",2020
"Hurricane","AL","Elmore (County)",2020
"Hurricane","AL","Dallas (County)",2020
"Hurricane","AL","DeKalb (County)",2020
"Hurricane","AL","Escambia (County)",2020
"Hurricane","AL","Etowah (County)",2020
"Hurricane","AL","Fayette (County)",2020
"Hurricane","AL","Franklin (County)",2020
"Hurricane","AL","Hale (County)",2020
"Hurricane","AL","Greene (County)",2020
"Hurricane","AL","Henry (County)",2020
"Hurricane","AL","Jackson (County)",2020
"Hurricane","AL","Geneva (County)",2020
"Hurricane","AL","Houston (County)",2020
"Hurricane","AL","Jefferson (County)",2020
"Hurricane","AL","Lamar (County)",2020
"Hurricane","AL","Lauderdale (County)",2020
"Hurricane","AL","Lee (County)",2020
"Hurricane","AL","Lawrence (County)",2020
"Hurricane","AL","Limestone (County)",2020
"Hurricane","AL","Lowndes (County)",2020
"Hurricane","AL","Madison (County)",2020
"Hurricane","AL","Macon (County)",2020
"Hurricane","AL","Marengo (County)",2020
"Hurricane","AL","Marion (County)",2020
"Hurricane","AL","Monroe (County)",2020
"Hurricane","AL","Montgomery (County)",2020
"Hurricane","AL","Perry (County)",2020
"Hurricane","AL","Mobile (County)",2020
"Hurricane","AL","Morgan (County)",2020
"Hurricane","AL","Marshall (County)",2020
"Hurricane","AL","Pickens (County)",2020
"Hurricane","AL","Pike (County)",2020
"Hurricane","AL","Randolph (County)",2020
"Hurricane","AL","Russell (County)",2020
"Hurricane","AL","St. Clair (County)",2020
"Hurricane","AL","Sumter (County)",2020
"Hurricane","AL","Shelby (County)",2020
"Hurricane","AL","Washington (County)",2020
"Hurricane","AL","Wilcox (County)",2020
"Hurricane","AL","Tuscaloosa (County)",2020
"Hurricane","AL","Winston (County)",2020
"Hurricane","AL","Talladega (County)",2020
"Hurricane","AL","Walker (County)",2020
"Hurricane","AL","Tallapoosa (County)",2020
"Fire","OR","Benton (County)",2020
"Fire","OR","Coos (County)",2020
"Fire","OR","Linn (County)",2020
"Fire","OR","Douglas (County)",2020
"Fire","OR","Lane (County)",2020
"Fire","OR","Jefferson (County)",2020
"Fire","OR","Klamath (County)",2020
"Fire","OR","Tillamook (County)",2020
"Fire","OR","Multnomah (County)",2020
"Fire","OR","Marion (County)",2020
"Fire","OR","Wasco (County)",2020
"Fire","OR","Washington (County)",2020
"Fire","OR","Josephine (County)",2020
"Fire","OR","Lake (County)",2020
"Fire","OR","Clackamas (County)",2020
"Fire","OR","Deschutes (County)",2020
"Fire","OR","Columbia (County)",2020
"Fire","OR","Lincoln (County)",2020
"Fire","OR","Yamhill (County)",2020
"Fire","OR","Jackson (County)",2020
"Hurricane","FL","Franklin (County)",2020
"Hurricane","FL","Gulf (County)",2020
"Hurricane","FL","Okaloosa (County)",2020
"Hurricane","FL","Washington (County)",2020
"Hurricane","FL","Bay (County)",2020
"Hurricane","FL","Escambia (County)",2020
"Hurricane","FL","Calhoun (County)",2020
"Hurricane","FL","Holmes (County)",2020
"Hurricane","FL","Jackson (County)",2020
"Hurricane","FL","Santa Rosa (County)",2020
"Hurricane","FL","Liberty (County)",2020
"Hurricane","FL","Gadsden (County)",2020
"Hurricane","FL","Walton (County)",2020
"Hurricane","AL","Pike (County)",2020
"Hurricane","AL","Geneva (County)",2020
"Hurricane","AL","Conecuh (County)",2020
"Hurricane","AL","Baldwin (County)",2020
"Hurricane","AL","Monroe (County)",2020
"Hurricane","AL","Covington (County)",2020
"Hurricane","AL","Crenshaw (County)",2020
"Hurricane","AL","Mobile (County)",2020
"Hurricane","AL","Clarke (County)",2020
"Hurricane","AL","Houston (County)",2020
"Hurricane","AL","Escambia (County)",2020
"Hurricane","AL","Barbour (County)",2020
"Hurricane","AL","Butler (County)",2020
"Hurricane","AL","Poarch Band of Creek Indians",2020
"Hurricane","AL","Coffee (County)",2020
"Hurricane","FL","Franklin (County)",2020
"Hurricane","FL","Santa Rosa (County)",2020
"Hurricane","FL","Bay (County)",2020
"Hurricane","FL","Gadsden (County)",2020
"Hurricane","FL","Jefferson (County)",2020
"Hurricane","FL","Escambia (County)",2020
"Hurricane","FL","Washington (County)",2020
"Hurricane","FL","Calhoun (County)",2020
"Hurricane","FL","Walton (County)",2020
"Hurricane","FL","Jackson (County)",2020
"Hurricane","FL","Gulf (County)",2020
"Hurricane","FL","Okaloosa (County)",2020
"Hurricane","FL","Holmes (County)",2020
"Hurricane","FL","Liberty (County)",2020
"Fire","WY","Carbon (County)",2020
"Fire","WY","Albany (County)",2020
"Fire","CA","Sonoma (County)",2020
"Fire","CA","Napa (County)",2020
"Fire","CA","Shasta (County)",2020
